SKU|EAN|DESCRIPCION|NOMBRE IMAGEN PRODUCTO|PARTE|PESO INFORMADO|CATEGORIA|NOMBRE IMAGEN PARTE|CATEGORIA EYE|CARACTERISTICAS EYE|DEFINIR OTRO|PRODUCTO POR ENVASE|TIPO DE PARTE|CARACTERISTICAS RECICLABLES|CARACTERISTICAS RETORNABLE|PELIGROSIDAD|CATEGORIA RAEE|CATEGORIA ACEITE|CATEGORIA BATERIA|CATEGORIA NEUMATICO|CANTIDAD NEUMATICOS|CATEGORIA PILA|CANTIDAD DE PILAS,
cambio|2000392261889|PINK COT ENCAJE INX FB|2000392261889(0).jpg|TAG X2|2.29|EYE Domiciliario|2000392261889_parte_TAG X2.jpg|CARTÓN|Cartulina||1|PRIMARIO|Sin material reciclado|No Retornable|Residuo NO Peligroso|||||||,
2000392261889|2000392261889|PINK COT ENCAJE INX FB|2000392261889(0).jpg|CORD|0.23|EYE Domiciliario|2000392261889_parte_CORD.jpg|Otros envases plásticos (7)|Flexible|POLYESTER/PP|1|PRIMARIO|Sin material reciclado|No Retornable|Residuo NO Peligroso|||||||,
2000392261889|2000392261889|PINK COT ENCAJE INX FB|2000392261889(0).jpg|MASTER BAG|4.49|EYE No domiciliario|2000392261889_parte_MASTER BAG.jpg|Envases de PP que NO contienen sustancias con grasa (5)|Flexible||36|SECUNDARIO|Sin material reciclado|No Retornable|Residuo NO Peligroso|||||||,
2000392261889|2000392261889|PINK COT ENCAJE INX FB|2000392261889(0).jpg|ETIQUETAS MASTER|3.23|EYE No domiciliario|2000392261889_parte_ETIQUETAS MASTER.jpg|Papel|||36|SECUNDARIO|Sin material reciclado|No Retornable|Residuo NO Peligroso|||||||,
2000392261889|2000392261889|PINK COT ENCAJE INX FB|2000392261889(0).jpg|TAPE|6.91|EYE Domiciliario|2000392261889_parte_TAPE.jpg|Envases de PP que NO contienen sustancias con grasa (5)|Flexible||36|SECUNDARIO|Sin material reciclado|No Retornable|Residuo NO Peligroso|||||||,
2000392261889|2000392261889|PINK COT ENCAJE INX FB|2000392261889(0).jpg|MASTER BOX|510|EYE Domiciliario|2000392261889_parte_MASTER BOX.jpg|CARTÓN|Corrugado||36|SECUNDARIO|Sin material reciclado|No Retornable|Residuo NO Peligroso|||||||,
2000392262336|2000392262336|PACKX5 PNK COT ENCAJE FB I23 MULTI M|2000392262336(0).jpg|BLISTER|13.77|EYE Domiciliario|2000392262336_parte_BLISTER.jpg|CARTÓN|Cartulina||1|PRIMARIO|Sin material reciclado|No Retornable|Residuo NO Peligroso|||||||,
2000392262336|2000392262336|PACKX5 PNK COT ENCAJE FB I23 MULTI M|2000392262336(0).jpg|GANCHO|0.75|EYE Domiciliario|2000392262336_parte_GANCHO.jpg|Envases de PP que NO contienen sustancias con grasa (5)|Rigido||1|PRIMARIO|Sin material reciclado|No Retornable|Residuo NO Peligroso|||||||,
2000392262336|2000392262336|PACKX5 PNK COT ENCAJE FB I23 MULTI M|2000392262336(0).jpg|ETIQUETA MASTER|3.5|EYE Domiciliario|2000392262336_parte_ETIQUETA MASTER.jpg|Papel|||36|SECUNDARIO|Sin material reciclado|No Retornable|Residuo NO Peligroso|||||||,
2000392262336|2000392262336|PACKX5 PNK COT ENCAJE FB I23 MULTI M|2000392262336(0).jpg|TAPE|6.9|EYE No domiciliario|2000392262336_parte_TAPE.jpg|Envases de PP que NO contienen sustancias con grasa (5)|Flexible||36|SECUNDARIO|Sin material reciclado|No Retornable|Residuo NO Peligroso|||||||,
2000392262336|2000392262336|PACKX5 PNK COT ENCAJE FB I23 MULTI M|2000392262336(0).jpg|MASTER BOX|510|EYE Domiciliario|2000392262336_parte_MASTER BOX.jpg|CARTÓN|Corrugado||36|SECUNDARIO|Sin material reciclado|No Retornable|Residuo NO Peligroso|||||||,
2000392262336|2000392262336|PACKX5 PNK COT ENCAJE FB I23 MULTI M|2000392262336(0).jpg|MASTER BOX|510|EYE Domiciliario|2000392262336_parte_MASTER BOX.jpg|CARTÓN|Corrugado||36|SECUNDARIO|Sin material reciclado|No Retornable|Residuo NO Peligroso|||||||,
2000392262336|https://qr.ripley.cl/2000392262336|PARTE FALTANTE DEL SKU ANTERIOR|2000392262336(0).jpg,2000392262336(1).jpg|MASTER BAG|40.7|EYE Domiciliario|2000392262336_parte_MASTER BAG.jpg|Envases de PEBD que NO contienen sustancias con grasa (4)|Flexible||36|SECUNDARIO|Sin material reciclado|No Retornable|Residuo NO Peligroso|||||||
2000392262268|2000392262268|2000392262268|2000392262268(0).jpg,|BLISTER|13.77|EYE Domiciliario|2000392262336_parte_BLISTER.jpg|CARTÓN|Cartulina||1|PRIMARIO|Sin material reciclado|No Retornable|Residuo NO Peligroso|||||||
2000392262268|2000392262268|2000392262268|2000392262268(0).jpg,|GANCHO|0.75|EYE Domiciliario|2000392262336_parte_GANCHO.jpg|Envases de PP que NO contienen sustancias con grasa (5)|Rigido||1|PRIMARIO|Sin material reciclado|No Retornable|Residuo NO Peligroso|||||||
2000392262268|2000392262268|2000392262268|2000392262268(0).jpg,|ETIQUETA MASTER|3.5|EYE Domiciliario|2000392262336_parte_ETIQUETA MASTER.jpg|Papel|||36|SECUNDARIO|Sin material reciclado|No Retornable|Residuo NO Peligroso|||||||
2000392262268|2000392262268|2000392262268|2000392262268(0).jpg,|TAPE|6.9|EYE No domiciliario|2000392262336_parte_TAPE.jpg|Envases de PP que NO contienen sustancias con grasa (5)|Flexible||36|SECUNDARIO|Sin material reciclado|No Retornable|Residuo NO Peligroso|||||||
2000392262268|2000392262268|2000392262268|2000392262268(0).jpg,|MASTER BOX|510|EYE Domiciliario|2000392262336_parte_MASTER BOX.jpg|CARTÓN|Corrugado||36|SECUNDARIO|Sin material reciclado|No Retornable|Residuo NO Peligroso|||||||
2000392262268|2000392262268|2000392262268|2000392262268(0).jpg,|MASTER BOX|510|EYE Domiciliario|2000392262336_parte_MASTER BOX.jpg|CARTÓN|Corrugado||36|SECUNDARIO|Sin material reciclado|No Retornable|Residuo NO Peligroso|||||||
2000392262268|2000392262268|2000392262268|2000392262336(0).jpg,2000392262336(1).jpg|MASTER BAG|40.7|EYE Domiciliario|2000392262336_parte_MASTER BAG.jpg|Envases de PEBD que NO contienen sustancias con grasa (4)|Flexible||36|SECUNDARIO|Sin material reciclado|No Retornable|Residuo NO Peligroso|||||||
2000396276865|2000396276865|POLERA MC EVASTA 2 BB2 ESS|2000396276865(0).jpg|LABEL X3|5.7|EYE Domiciliario|2000396276865_parte_LABEL X3.jpg|CARTÓN|Cartulina||1|PRIMARIO|Sin material reciclado|No Retornable|Residuo NO Peligroso|||||||,
2000396276865|2000396276865|POLERA MC EVASTA 2 BB2 ESS|2000396276865(0).jpg|CORD|0.47|EYE Domiciliario|2000396276865_parte_CORD.jpg|Otros envases plásticos (7)|Flexible|PO|1|PRIMARIO|Sin material reciclado|No Retornable|Residuo NO Peligroso|||||||,
2000396276865|2000396276865|POLERA MC EVASTA 2 BB2 ESS|2000396276865(0).jpg|STICKER|0.14|EYE Domiciliario|2000396276865_parte_STICKER.jpg|Envases de PP que NO contienen sustancias con grasa (5)|Flexible||1|PRIMARIO|Sin material reciclado|No Retornable|Residuo NO Peligroso|||||||,
2000396276865|2000396276865|POLERA MC EVASTA 2 BB2 ESS|2000396276865(0).jpg|ALARMA|6.5|EYE Domiciliario|2000396276865_parte_ALARMA.jpg|CARTÓN||RAEE|1|PRIMARIO|Sin material reciclado|No Retornable|Residuo NO Peligroso|||||||,
2000396276865|2000396276865|POLERA MC EVASTA 2 BB2 ESS|2000396276865(0).jpg|PAPEL PROTECTOR|0.67|EYE Domiciliario|2000396276865_parte_PAPEL PROTECTOR.jpg|Papel|||1|PRIMARIO|Sin material reciclado|No Retornable|Residuo NO Peligroso|||||||,
2000396276865|2000396276865|POLERA MC EVASTA 2 BB2 ESS|2000396276865(0).jpg|BAG UNIDAD|6.83|EYE Domiciliario|2000396276865_parte_BAG UNIDAD.jpg|Envases de PEBD que NO contienen sustancias con grasa (4)|Flexible||1|PRIMARIO|Sin material reciclado|No Retornable|Residuo NO Peligroso|||||||,
2000396276865|2000396276865|POLERA MC EVASTA 2 BB2 ESS|2000396276865(0).jpg|SEPARADOR|8.45|EYE Domiciliario|2000396276865_parte_SEPARADOR.jpg|CARTÓN|Corrugado||27|PRIMARIO|Sin material reciclado|No Retornable|Residuo NO Peligroso|||||||,
2000396276865|2000396276865|POLERA MC EVASTA 2 BB2 ESS|2000396276865(0).jpg|MASTER BOX|390|EYE Domiciliario|2000396276865_parte_MASTER BOX.jpg|CARTÓN|Corrugado||27|SECUNDARIO|Sin material reciclado|No Retornable|Residuo NO Peligroso|||||||,
2000396276865|2000396276865|POLERA MC EVASTA 2 BB2 ESS|2000396276865(0).jpg|ETIQUETA MASTER|3.28|EYE No domiciliario|2000396276865_parte_ETIQUETA MASTER.jpg|Papel|||27|SECUNDARIO|Sin material reciclado|No Retornable|Residuo NO Peligroso|||||||,
2000396276865|2000396276865|POLERA MC EVASTA 2 BB2 ESS|2000396276865(0).jpg|TAPE|7.01|EYE Domiciliario|2000396276865_parte_TAPE.jpg|Envases de PP que NO contienen sustancias con grasa (5)|Flexible||1|PRIMARIO|Sin material reciclado|No Retornable|Residuo NO Peligroso|||||||,
2000396276865|2000396276865|POLERA MC EVASTA 2 BB2 ESS|2000396276865(0).jpg|CINTA R|2.59|EYE Domiciliario|2000396276865_parte_CINTA R.jpg|Papel|||1|PRIMARIO|Sin material reciclado|No Retornable|Residuo NO Peligroso|||||||,
"2000397565883|2000397565883|""https://qr.ripley.cl/2000397565883",
"|2000396276865(0).jpg , 2000397565883(1).jpg|TAG X3|9.63|EYE Domiciliario|2000397565883_parte_TAG X3.jpg|CARTÓN|Cartulina||1|PRIMARIO|Sin material reciclado|No Retornable|Residuo NO Peligroso|||||||
2000397565883|2000397565883|https://qr.ripley.cl/2000397565883",
"|2000396276865(0).jpg , 2000397565883(1).jpg|CORD|0.44|EYE Domiciliario|2000397565883_parte_CORD.jpg|Otros envases plásticos (7)|Flexible|PO/PE|1|PRIMARIO|Sin material reciclado|No Retornable|Residuo NO Peligroso|||||||
2000397565883|2000397565883|https://qr.ripley.cl/2000397565883",
"|2000396276865(0).jpg , 2000397565883(1).jpg|PAPEL PROTECTOR|0.73|EYE Domiciliario|2000397565883_parte_PAPEL PROTECTOR.jpg|Papel|||1|PRIMARIO|Sin material reciclado|No Retornable|Residuo NO Peligroso|||||||
2000397565883|2000397565883|https://qr.ripley.cl/2000397565883",
"|2000396276865(0).jpg , 2000397565883(1).jpg|MASTER BOX|405|EYE No domiciliario|2000397565883_parte_MASTER BOX.jpg|CARTÓN|Corrugado||24|SECUNDARIO|Sin material reciclado|No Retornable|Residuo NO Peligroso|||||||
2000397565883|2000397565883|https://qr.ripley.cl/2000397565883",
"|2000396276865(0).jpg , 2000397565883(1).jpg|TAPE|6.93|EYE Domiciliario|2000397565883_parte_TAPE.jpg|Envases de PP que NO contienen sustancias con grasa (5)|Flexible||24|SECUNDARIO|Sin material reciclado|No Retornable|Residuo NO Peligroso|||||||
2000397565883|2000397565883|https://qr.ripley.cl/2000397565883",
"|2000396276865(0).jpg , 2000397565883(1).jpg|CINTA R|3.27|EYE No domiciliario|2000397565883_parte_CINTA R.jpg|Papel|||24|SECUNDARIO|Sin material reciclado|No Retornable|Residuo NO Peligroso|||||||
2000397565883|2000397565883|https://qr.ripley.cl/2000397565883",
"|2000396276865(0).jpg , 2000397565883(1).jpg|CINTA RIPLEY|2.53|EYE No domiciliario|2000397565883_parte_CINTA RIPLEY.jpg|Otro papel compuesto|||24|SECUNDARIO|Sin material reciclado|No Retornable|Residuo NO Peligroso|||||||
2000397565883|2000397565883|AGREGAR ELEMENTO AL PRODUCTO |2000396276865(0).jpg , 2000397565883(1).jpg , 2000397565883(2).jpg|BAG|7.14|EYE Domiciliario|2000397565883_parte_BAG.jpg|Envases de PEBD que NO contienen sustancias con grasa (4)|Flexible||1|PRIMARIO|Sin material reciclado|No Retornable|Residuo NO Peligroso|||||||
2000393612543|2000393612543|https://qr.ripley.cl/2000393612543",
"|2000396276865(0).jpg , 2000397565883(1).jpg , 2000397565883(2).jpg , 2000393612543(3).jpg|tag x3|3.39|EYE Domiciliario|2000393612543_parte_tag x3.jpg|CARTÓN|Cartulina||1|PRIMARIO|Sin material reciclado|No Retornable|Residuo NO Peligroso|||||||
2000393612543|2000393612543|https://qr.ripley.cl/2000393612543",
"|2000396276865(0).jpg , 2000397565883(1).jpg , 2000397565883(2).jpg , 2000393612543(3).jpg|PAPEL PROTECTOR|1.57|EYE Domiciliario|2000393612543_parte_PAPEL PROTECTOR.jpg|Papel|||1|PRIMARIO|Sin material reciclado|No Retornable|Residuo NO Peligroso|||||||
2000393612543|2000393612543|https://qr.ripley.cl/2000393612543",
"|2000396276865(0).jpg , 2000397565883(1).jpg , 2000397565883(2).jpg , 2000393612543(3).jpg|BAG|13.67|EYE Domiciliario|2000393612543_parte_BAG.jpg|Envases de PEBD que NO contienen sustancias con grasa (4)|Flexible||1|PRIMARIO|Sin material reciclado|No Retornable|Residuo NO Peligroso|||||||
2000393612543|2000393612543|https://qr.ripley.cl/2000393612543",
"|2000396276865(0).jpg , 2000397565883(1).jpg , 2000397565883(2).jpg , 2000393612543(3).jpg|MASTER BOX|680|EYE No domiciliario|2000393612543_parte_MASTER BOX.jpg|CARTÓN|Corrugado||12|SECUNDARIO|Sin material reciclado|No Retornable|Residuo NO Peligroso|||||||
2000393612543|2000393612543|https://qr.ripley.cl/2000393612543",
"|2000396276865(0).jpg , 2000397565883(1).jpg , 2000397565883(2).jpg , 2000393612543(3).jpg|LABEL BOX|3.22|EYE No domiciliario|2000393612543_parte_LABEL BOX.jpg|Papel|||12|SECUNDARIO|Sin material reciclado|No Retornable|Residuo NO Peligroso|||||||
2000393612543|2000393612543|https://qr.ripley.cl/2000393612543",
"|2000396276865(0).jpg , 2000397565883(1).jpg , 2000397565883(2).jpg , 2000393612543(3).jpg|TAPE|6.88|EYE Domiciliario|2000393612543_parte_TAPE.jpg|Envases de PP que NO contienen sustancias con grasa (5)|Flexible||12|SECUNDARIO|Sin material reciclado|No Retornable|Residuo NO Peligroso|||||||
2000393612642|2000393612642|https://qr.ripley.cl/2000393612642|2000393612642(0).jpg, |tag x3|3.39|EYE Domiciliario|2000393612543_parte_tag x3.jpg|CARTÓN|Cartulina||1|PRIMARIO|Sin material reciclado|No Retornable|Residuo NO Peligroso|||||||
2000393612642|2000393612642|https://qr.ripley.cl/2000393612642|2000393612642(0).jpg, |PAPEL PROTECTOR|1.57|EYE Domiciliario|2000393612543_parte_PAPEL PROTECTOR.jpg|Papel|||1|PRIMARIO|Sin material reciclado|No Retornable|Residuo NO Peligroso|||||||
2000393612642|2000393612642|https://qr.ripley.cl/2000393612642|2000393612642(0).jpg, |BAG|13.67|EYE Domiciliario|2000393612543_parte_BAG.jpg|Envases de PEBD que NO contienen sustancias con grasa (4)|Flexible||1|PRIMARIO|Sin material reciclado|No Retornable|Residuo NO Peligroso|||||||
2000393612642|2000393612642|https://qr.ripley.cl/2000393612642|2000393612642(0).jpg, |MASTER BOX|680|EYE No domiciliario|2000393612543_parte_MASTER BOX.jpg|CARTÓN|Corrugado||12|SECUNDARIO|Sin material reciclado|No Retornable|Residuo NO Peligroso|||||||
2000393612642|2000393612642|https://qr.ripley.cl/2000393612642|2000393612642(0).jpg, |LABEL BOX|3.22|EYE No domiciliario|2000393612543_parte_LABEL BOX.jpg|Papel|||12|SECUNDARIO|Sin material reciclado|No Retornable|Residuo NO Peligroso|||||||
2000393612642|2000393612642|https://qr.ripley.cl/2000393612642|2000393612642(0).jpg, |TAPE|6.88|EYE Domiciliario|2000393612543_parte_TAPE.jpg|Envases de PP que NO contienen sustancias con grasa (5)|Flexible||12|SECUNDARIO|Sin material reciclado|No Retornable|Residuo NO Peligroso|||||||
2000393612703|2000393612703|https://qr.ripley.cl/2000393612703|2000393612703(0).jpg, |tag x3|3.39|EYE Domiciliario|2000393612543_parte_tag x3.jpg|CARTÓN|Cartulina||1|PRIMARIO|Sin material reciclado|No Retornable|Residuo NO Peligroso|||||||
2000393612703|2000393612703|https://qr.ripley.cl/2000393612703|2000393612703(0).jpg, |PAPEL PROTECTOR|1.57|EYE Domiciliario|2000393612543_parte_PAPEL PROTECTOR.jpg|Papel|||1|PRIMARIO|Sin material reciclado|No Retornable|Residuo NO Peligroso|||||||
2000393612703|2000393612703|https://qr.ripley.cl/2000393612703|2000393612703(0).jpg, |BAG|13.67|EYE Domiciliario|2000393612543_parte_BAG.jpg|Envases de PEBD que NO contienen sustancias con grasa (4)|Flexible||1|PRIMARIO|Sin material reciclado|No Retornable|Residuo NO Peligroso|||||||
2000393612703|2000393612703|https://qr.ripley.cl/2000393612703|2000393612703(0).jpg, |MASTER BOX|680|EYE No domiciliario|2000393612543_parte_MASTER BOX.jpg|CARTÓN|Corrugado||12|SECUNDARIO|Sin material reciclado|No Retornable|Residuo NO Peligroso|||||||
2000393612703|2000393612703|https://qr.ripley.cl/2000393612703|2000393612703(0).jpg, |LABEL BOX|3.22|EYE No domiciliario|2000393612543_parte_LABEL BOX.jpg|Papel|||12|SECUNDARIO|Sin material reciclado|No Retornable|Residuo NO Peligroso|||||||
2000393612703|2000393612703|https://qr.ripley.cl/2000393612703|2000393612703(0).jpg, |TAPE|6.88|EYE Domiciliario|2000393612543_parte_TAPE.jpg|Envases de PP que NO contienen sustancias con grasa (5)|Flexible||12|SECUNDARIO|Sin material reciclado|No Retornable|Residuo NO Peligroso|||||||
2000393612505|2000393612505|https://qr.ripley.cl/2000393612505|2000393612505(0).jpg, |tag x3|3.39|EYE Domiciliario|2000393612543_parte_tag x3.jpg|CARTÓN|Cartulina||1|PRIMARIO|Sin material reciclado|No Retornable|Residuo NO Peligroso|||||||
2000393612505|2000393612505|https://qr.ripley.cl/2000393612505|2000393612505(0).jpg, |PAPEL PROTECTOR|1.57|EYE Domiciliario|2000393612543_parte_PAPEL PROTECTOR.jpg|Papel|||1|PRIMARIO|Sin material reciclado|No Retornable|Residuo NO Peligroso|||||||
2000393612505|2000393612505|https://qr.ripley.cl/2000393612505|2000393612505(0).jpg, |BAG|13.67|EYE Domiciliario|2000393612543_parte_BAG.jpg|Envases de PEBD que NO contienen sustancias con grasa (4)|Flexible||1|PRIMARIO|Sin material reciclado|No Retornable|Residuo NO Peligroso|||||||
2000393612505|2000393612505|https://qr.ripley.cl/2000393612505|2000393612505(0).jpg, |MASTER BOX|680|EYE No domiciliario|2000393612543_parte_MASTER BOX.jpg|CARTÓN|Corrugado||12|SECUNDARIO|Sin material reciclado|No Retornable|Residuo NO Peligroso|||||||
2000393612505|2000393612505|https://qr.ripley.cl/2000393612505|2000393612505(0).jpg, |LABEL BOX|3.22|EYE No domiciliario|2000393612543_parte_LABEL BOX.jpg|Papel|||12|SECUNDARIO|Sin material reciclado|No Retornable|Residuo NO Peligroso|||||||
2000393612505|2000393612505|https://qr.ripley.cl/2000393612505|2000393612505(0).jpg, |TAPE|6.88|EYE Domiciliario|2000393612543_parte_TAPE.jpg|Envases de PP que NO contienen sustancias con grasa (5)|Flexible||12|SECUNDARIO|Sin material reciclado|No Retornable|Residuo NO Peligroso|||||||
2000393612604|2000393612604|https://qr.ripley.cl/2000393612604|2000393612604(0).jpg, |tag x3|3.39|EYE Domiciliario|2000393612543_parte_tag x3.jpg|CARTÓN|Cartulina||1|PRIMARIO|Sin material reciclado|No Retornable|Residuo NO Peligroso|||||||
2000393612604|2000393612604|https://qr.ripley.cl/2000393612604|2000393612604(0).jpg, |PAPEL PROTECTOR|1.57|EYE Domiciliario|2000393612543_parte_PAPEL PROTECTOR.jpg|Papel|||1|PRIMARIO|Sin material reciclado|No Retornable|Residuo NO Peligroso|||||||
2000393612604|2000393612604|https://qr.ripley.cl/2000393612604|2000393612604(0).jpg, |BAG|13.67|EYE Domiciliario|2000393612543_parte_BAG.jpg|Envases de PEBD que NO contienen sustancias con grasa (4)|Flexible||1|PRIMARIO|Sin material reciclado|No Retornable|Residuo NO Peligroso|||||||
2000393612604|2000393612604|https://qr.ripley.cl/2000393612604|2000393612604(0).jpg, |MASTER BOX|680|EYE No domiciliario|2000393612543_parte_MASTER BOX.jpg|CARTÓN|Corrugado||12|SECUNDARIO|Sin material reciclado|No Retornable|Residuo NO Peligroso|||||||
2000393612604|2000393612604|https://qr.ripley.cl/2000393612604|2000393612604(0).jpg, |LABEL BOX|3.22|EYE No domiciliario|2000393612543_parte_LABEL BOX.jpg|Papel|||12|SECUNDARIO|Sin material reciclado|No Retornable|Residuo NO Peligroso|||||||
2000393612604|2000393612604|https://qr.ripley.cl/2000393612604|2000393612604(0).jpg, |TAPE|6.88|EYE Domiciliario|2000393612543_parte_TAPE.jpg|Envases de PP que NO contienen sustancias con grasa (5)|Flexible||12|SECUNDARIO|Sin material reciclado|No Retornable|Residuo NO Peligroso|||||||
2000393529247|2000393529247|https://qr.ripley.cl/2000393529247|2000393529247(0).jpg, |tag x3|3.39|EYE Domiciliario|2000393612543_parte_tag x3.jpg|CARTÓN|Cartulina||1|PRIMARIO|Sin material reciclado|No Retornable|Residuo NO Peligroso|||||||
2000393529247|2000393529247|https://qr.ripley.cl/2000393529247|2000393529247(0).jpg, |PAPEL PROTECTOR|1.57|EYE Domiciliario|2000393612543_parte_PAPEL PROTECTOR.jpg|Papel|||1|PRIMARIO|Sin material reciclado|No Retornable|Residuo NO Peligroso|||||||
2000393529247|2000393529247|https://qr.ripley.cl/2000393529247|2000393529247(0).jpg, |BAG|13.67|EYE Domiciliario|2000393612543_parte_BAG.jpg|Envases de PEBD que NO contienen sustancias con grasa (4)|Flexible||1|PRIMARIO|Sin material reciclado|No Retornable|Residuo NO Peligroso|||||||
2000393529247|2000393529247|https://qr.ripley.cl/2000393529247|2000393529247(0).jpg, |MASTER BOX|680|EYE No domiciliario|2000393612543_parte_MASTER BOX.jpg|CARTÓN|Corrugado||12|SECUNDARIO|Sin material reciclado|No Retornable|Residuo NO Peligroso|||||||
2000393529247|2000393529247|https://qr.ripley.cl/2000393529247|2000393529247(0).jpg, |LABEL BOX|3.22|EYE No domiciliario|2000393612543_parte_LABEL BOX.jpg|Papel|||12|SECUNDARIO|Sin material reciclado|No Retornable|Residuo NO Peligroso|||||||
2000393529247|2000393529247|https://qr.ripley.cl/2000393529247|2000393529247(0).jpg, |TAPE|6.88|EYE Domiciliario|2000393612543_parte_TAPE.jpg|Envases de PP que NO contienen sustancias con grasa (5)|Flexible||12|SECUNDARIO|Sin material reciclado|No Retornable|Residuo NO Peligroso|||||||
2000396690401|2000396690401|https://qr.ripley.cl/2000396690401",
"|2000396690401(0).jpg|TAG X2|1.5|EYE Domiciliario|2000396690401_parte_TAG X2.jpg|CARTÓN|Cartulina||1|PRIMARIO|Sin material reciclado|No Retornable|Residuo NO Peligroso|||||||
2000396690401|2000396690401|https://qr.ripley.cl/2000396690401",
"|2000396690401(0).jpg|SILICA X2|1.19|EYE Domiciliario|2000396690401_parte_SILICA X2.jpg|OTRO MATERIAL||SILICA/PAPEL|1|PRIMARIO|Sin material reciclado|No Retornable|Residuo NO Peligroso|||||||
2000396690401|2000396690401|https://qr.ripley.cl/2000396690401",
"|2000396690401(0).jpg|CORD|0.16|EYE Domiciliario|2000396690401_parte_CORD.jpg|OTRO MATERIAL||CANAMO|1|PRIMARIO|Sin material reciclado|No Retornable|Residuo NO Peligroso|||||||
2000396690401|2000396690401|https://qr.ripley.cl/2000396690401",
"|2000396690401(0).jpg|HANGER|13.34|EYE Domiciliario|2000396690401_parte_HANGER.jpg|Envases de PP que NO contienen sustancias con grasa (5)|Rigido||1|PRIMARIO|Sin material reciclado|No Retornable|Residuo NO Peligroso|||||||
2000396690401|2000396690401|https://qr.ripley.cl/2000396690401",
"|2000396690401(0).jpg|STICKER|0.43|EYE Domiciliario|2000396690401_parte_STICKER.jpg|Papel|||1|PRIMARIO|Sin material reciclado|No Retornable|Residuo NO Peligroso|||||||
2000396690401|2000396690401|https://qr.ripley.cl/2000396690401",
"|2000396690401(0).jpg|RELLENO|5.9|EYE Domiciliario|2000396690401_parte_RELLENO.jpg|CARTÓN|Cartulina||1|PRIMARIO|Sin material reciclado|No Retornable|Residuo NO Peligroso|||||||
2000396690401|2000396690401|https://qr.ripley.cl/2000396690401",
"|2000396690401(0).jpg|BAG|4.66|EYE Domiciliario|2000396690401_parte_BAG.jpg|Envases de PEBD que NO contienen sustancias con grasa (4)|Flexible||1|PRIMARIO|Sin material reciclado|No Retornable|Residuo NO Peligroso|||||||
2000396690401|2000396690401|https://qr.ripley.cl/2000396690401",
"|2000396690401(0).jpg|STICKER BAG|0.23|EYE Domiciliario|2000396690401_parte_STICKER BAG.jpg|Papel|||1|PRIMARIO|Sin material reciclado|No Retornable|Residuo NO Peligroso|||||||
2000396690401|2000396690401|https://qr.ripley.cl/2000396690401",
"|2000396690401(0).jpg|PLASTIFLECHA|0.05|EYE Domiciliario|2000396690401_parte_PLASTIFLECHA.jpg|Envases de PP que NO contienen sustancias con grasa (5)|Rigido||1|PRIMARIO|Sin material reciclado|No Retornable|Residuo NO Peligroso|||||||
2000396690401|2000396690401|https://qr.ripley.cl/2000396690401",
"|2000396690401(0).jpg|MASTER BOX|495|EYE Domiciliario|2000396690401_parte_MASTER BOX.jpg|CARTÓN|Corrugado||12|SECUNDARIO|Sin material reciclado|No Retornable|Residuo NO Peligroso|||||||
2000396690401|2000396690401|https://qr.ripley.cl/2000396690401",
"|2000396690401(0).jpg|SEPARADORES|135|EYE Domiciliario|2000396690401_parte_SEPARADORES.jpg|CARTÓN|Corrugado||12|SECUNDARIO|Sin material reciclado|No Retornable|Residuo NO Peligroso|||||||
2000396690401|2000396690401|https://qr.ripley.cl/2000396690401",
"|2000396690401(0).jpg|TAPE|6.95|EYE No domiciliario|2000396690401_parte_TAPE.jpg|Envases de PP que NO contienen sustancias con grasa (5)|Flexible||12|SECUNDARIO|Sin material reciclado|No Retornable|Residuo NO Peligroso|||||||
2000396690401|2000396690401|https://qr.ripley.cl/2000396690401",
"|2000396690401(0).jpg|RTAPE|12|EYE No domiciliario|2000396690401_parte_RTAPE.jpg|Otro papel compuesto|Flexible||12|SECUNDARIO|Sin material reciclado|No Retornable|Residuo NO Peligroso|||||||
2000396690258|2000396690258|2000396690258|2000396690258(0).jpg, |TAG X2|1.5|EYE Domiciliario|2000396690401_parte_TAG X2.jpg|CARTÓN|Cartulina||1|PRIMARIO|Sin material reciclado|No Retornable|Residuo NO Peligroso|||||||
2000396690258|2000396690258|2000396690258|2000396690258(0).jpg, |SILICA X2|1.19|EYE Domiciliario|2000396690401_parte_SILICA X2.jpg|OTRO MATERIAL||SILICA/PAPEL|1|PRIMARIO|Sin material reciclado|No Retornable|Residuo NO Peligroso|||||||
2000396690258|2000396690258|2000396690258|2000396690258(0).jpg, |CORD|0.16|EYE Domiciliario|2000396690401_parte_CORD.jpg|OTRO MATERIAL||CANAMO|1|PRIMARIO|Sin material reciclado|No Retornable|Residuo NO Peligroso|||||||
2000396690258|2000396690258|2000396690258|2000396690258(0).jpg, |HANGER|13.34|EYE Domiciliario|2000396690401_parte_HANGER.jpg|Envases de PP que NO contienen sustancias con grasa (5)|Rigido||1|PRIMARIO|Sin material reciclado|No Retornable|Residuo NO Peligroso|||||||
2000396690258|2000396690258|2000396690258|2000396690258(0).jpg, |STICKER|0.43|EYE Domiciliario|2000396690401_parte_STICKER.jpg|Papel|||1|PRIMARIO|Sin material reciclado|No Retornable|Residuo NO Peligroso|||||||
2000396690258|2000396690258|2000396690258|2000396690258(0).jpg, |RELLENO|5.9|EYE Domiciliario|2000396690401_parte_RELLENO.jpg|CARTÓN|Cartulina||1|PRIMARIO|Sin material reciclado|No Retornable|Residuo NO Peligroso|||||||
2000396690258|2000396690258|2000396690258|2000396690258(0).jpg, |BAG|4.66|EYE Domiciliario|2000396690401_parte_BAG.jpg|Envases de PEBD que NO contienen sustancias con grasa (4)|Flexible||1|PRIMARIO|Sin material reciclado|No Retornable|Residuo NO Peligroso|||||||
2000396690258|2000396690258|2000396690258|2000396690258(0).jpg, |STICKER BAG|0.23|EYE Domiciliario|2000396690401_parte_STICKER BAG.jpg|Papel|||1|PRIMARIO|Sin material reciclado|No Retornable|Residuo NO Peligroso|||||||
2000396690258|2000396690258|2000396690258|2000396690258(0).jpg, |PLASTIFLECHA|0.05|EYE Domiciliario|2000396690401_parte_PLASTIFLECHA.jpg|Envases de PP que NO contienen sustancias con grasa (5)|Rigido||1|PRIMARIO|Sin material reciclado|No Retornable|Residuo NO Peligroso|||||||
2000396690258|2000396690258|2000396690258|2000396690258(0).jpg, |MASTER BOX|495|EYE Domiciliario|2000396690401_parte_MASTER BOX.jpg|CARTÓN|Corrugado||12|SECUNDARIO|Sin material reciclado|No Retornable|Residuo NO Peligroso|||||||
2000396690258|2000396690258|2000396690258|2000396690258(0).jpg, |SEPARADORES|135|EYE Domiciliario|2000396690401_parte_SEPARADORES.jpg|CARTÓN|Corrugado||12|SECUNDARIO|Sin material reciclado|No Retornable|Residuo NO Peligroso|||||||
2000396690258|2000396690258|2000396690258|2000396690258(0).jpg, |TAPE|6.95|EYE No domiciliario|2000396690401_parte_TAPE.jpg|Envases de PP que NO contienen sustancias con grasa (5)|Flexible||12|SECUNDARIO|Sin material reciclado|No Retornable|Residuo NO Peligroso|||||||
2000396690258|2000396690258|2000396690258|2000396690258(0).jpg, |RTAPE|12|EYE No domiciliario|2000396690401_parte_RTAPE.jpg|Otro papel compuesto|Flexible||12|SECUNDARIO|Sin material reciclado|No Retornable|Residuo NO Peligroso|||||||
2000395836299|2000395836299|https://qr.ripley.cl/2000395836299",
"|2000396690401(0).jpg , 2000395836299(1).jpg|COLOR BOX|150|EYE Domiciliario|2000395836299_parte_COLOR BOX.jpg|CARTÓN|Corrugado||1|PRIMARIO|Sin material reciclado|No Retornable|Residuo NO Peligroso|||||||
2000395836299|2000395836299|https://qr.ripley.cl/2000395836299",
"|2000396690401(0).jpg , 2000395836299(1).jpg|VENTANA|29.22|EYE Domiciliario|2000395836299_parte_VENTANA.jpg|Otros envases PET (1)|Rigido||1|PRIMARIO|Sin material reciclado|No Retornable|Residuo NO Peligroso|||||||
2000395836299|2000395836299|https://qr.ripley.cl/2000395836299",
"|2000396690401(0).jpg , 2000395836299(1).jpg|BAG X3 PAPEL|2.93|EYE Domiciliario|2000395836299_parte_BAG X3 PAPEL.jpg|Papel|||1|PRIMARIO|Sin material reciclado|No Retornable|Residuo NO Peligroso|||||||
2000395836299|2000395836299|https://qr.ripley.cl/2000395836299",
"|2000396690401(0).jpg , 2000395836299(1).jpg|MANUAL|3.45|EYE Domiciliario|2000395836299_parte_MANUAL.jpg|Papel|||1|PRIMARIO|Sin material reciclado|No Retornable|Residuo NO Peligroso|||||||
2000395836299|2000395836299|https://qr.ripley.cl/2000395836299",
"|2000396690401(0).jpg , 2000395836299(1).jpg|BAG|1.65|EYE Domiciliario|2000395836299_parte_BAG.jpg|Envases de PEBD que NO contienen sustancias con grasa (4)|Flexible||1|PRIMARIO|Sin material reciclado|No Retornable|Residuo NO Peligroso|||||||
2000395836299|2000395836299|https://qr.ripley.cl/2000395836299",
"|2000396690401(0).jpg , 2000395836299(1).jpg|MASTER BOX|195|EYE No domiciliario|2000395836299_parte_MASTER BOX.jpg|CARTÓN|Corrugado||3|SECUNDARIO|Sin material reciclado|No Retornable|Residuo NO Peligroso|||||||
2000395836299|2000395836299|https://qr.ripley.cl/2000395836299",
"|2000396690401(0).jpg , 2000395836299(1).jpg|TAPE|5|EYE Domiciliario|2000395836299_parte_TAPE.jpg|Envases de PP que NO contienen sustancias con grasa (5)|Flexible||3|SECUNDARIO|Sin material reciclado|No Retornable|Residuo NO Peligroso|||||||
2000395836299|2000395836299|https://qr.ripley.cl/2000395836299",
"|2000396690401(0).jpg , 2000395836299(1).jpg|SEPARADOR|15|EYE No domiciliario|2000395836299_parte_SEPARADOR.jpg|CARTÓN|Corrugado||3|SECUNDARIO|Sin material reciclado|No Retornable|Residuo NO Peligroso|||||||
2000395836299|2000395836299|https://qr.ripley.cl/2000395836299",
"|2000396690401(0).jpg , 2000395836299(1).jpg|STICKER MASTER|1|EYE Domiciliario|2000395836299_parte_STICKER MASTER.jpg|Papel|||3|SECUNDARIO|Sin material reciclado|No Retornable|Residuo NO Peligroso|||||||
2000395836299|2000395836299|AGREGAR ELEMENTO A LA MUNECA|2000396690401(0).jpg , 2000395836299(1).jpg , 2000395836299(2).jpg|BLISTER|7.85|EYE Domiciliario|2000395836299_parte_BLISTER.jpg|Otros envases PET (1)|Rigido||1|PRIMARIO|Sin material reciclado|No Retornable|Residuo NO Peligroso|||||||
2000390617947|2000390617947|https://qr.ripley.cl/2000390617947",
"|2000396690401(0).jpg , 2000395836299(1).jpg , 2000395836299(2).jpg , 2000390617947(3).jpg|MASTER BOX|250|EYE No domiciliario|2000390617947_parte_MASTER BOX.jpg|CARTÓN|Corrugado||6|SECUNDARIO|Sin material reciclado|No Retornable|Residuo NO Peligroso|||||||
2000390617947|2000390617947|https://qr.ripley.cl/2000390617947",
"|2000396690401(0).jpg , 2000395836299(1).jpg , 2000395836299(2).jpg , 2000390617947(3).jpg|SEPARADORES INNER|65|EYE No domiciliario|2000390617947_parte_SEPARADORES INNER.jpg|CARTÓN|Corrugado||6|SECUNDARIO|Sin material reciclado|No Retornable|Residuo NO Peligroso|||||||
2000390617947|2000390617947|https://qr.ripley.cl/2000390617947",
"|2000396690401(0).jpg , 2000395836299(1).jpg , 2000395836299(2).jpg , 2000390617947(3).jpg|BAG|3.16|EYE Domiciliario|2000390617947_parte_BAG.jpg|Envases de PEBD que NO contienen sustancias con grasa (4)|Flexible||1|PRIMARIO|Sin material reciclado|No Retornable|Residuo NO Peligroso|||||||
2000390617947|2000390617947|https://qr.ripley.cl/2000390617947",
"|2000396690401(0).jpg , 2000395836299(1).jpg , 2000395836299(2).jpg , 2000390617947(3).jpg|PAPEL RELLENO|3.56|EYE Domiciliario|2000390617947_parte_PAPEL RELLENO.jpg|Papel|||1|PRIMARIO|Sin material reciclado|No Retornable|Residuo NO Peligroso|||||||
2000390617947|2000390617947|https://qr.ripley.cl/2000390617947",
"|2000396690401(0).jpg , 2000395836299(1).jpg , 2000395836299(2).jpg , 2000390617947(3).jpg|STICKER X2|0.35|EYE Domiciliario|2000390617947_parte_STICKER X2.jpg|Papel|||1|PRIMARIO|Sin material reciclado|No Retornable|Residuo NO Peligroso|||||||
2000390617947|2000390617947|https://qr.ripley.cl/2000390617947",
"|2000396690401(0).jpg , 2000395836299(1).jpg , 2000395836299(2).jpg , 2000390617947(3).jpg|ELASTICO|0.54|EYE Domiciliario|2000390617947_parte_ELASTICO.jpg|Otros envases plásticos (7)|Flexible|PU|1|PRIMARIO|Sin material reciclado|No Retornable|Residuo NO Peligroso|||||||
2000390617947|2000390617947|https://qr.ripley.cl/2000390617947",
"|2000396690401(0).jpg , 2000395836299(1).jpg , 2000395836299(2).jpg , 2000390617947(3).jpg|SILICA|3.66|EYE Domiciliario|2000390617947_parte_SILICA.jpg|OTRO MATERIAL||SILICA/PAPEL|1|PRIMARIO|Sin material reciclado|No Retornable|Residuo NO Peligroso|||||||
2000390617947|2000390617947|https://qr.ripley.cl/2000390617947",
"|2000396690401(0).jpg , 2000395836299(1).jpg , 2000395836299(2).jpg , 2000390617947(3).jpg|TAG X2|1.53|EYE Domiciliario|2000390617947_parte_TAG X2.jpg|CARTÓN|Cartulina||1|PRIMARIO|Sin material reciclado|No Retornable|Residuo NO Peligroso|||||||
2000390617947|2000390617947|https://qr.ripley.cl/2000390617947",
"|2000396690401(0).jpg , 2000395836299(1).jpg , 2000395836299(2).jpg , 2000390617947(3).jpg|PLASTIFLECHA|0.08|EYE Domiciliario|2000390617947_parte_PLASTIFLECHA.jpg|Envases de PP que NO contienen sustancias con grasa (5)|Rigido||1|PRIMARIO|Sin material reciclado|No Retornable|Residuo NO Peligroso|||||||
2000390617947|2000390617947|https://qr.ripley.cl/2000390617947",
"|2000396690401(0).jpg , 2000395836299(1).jpg , 2000395836299(2).jpg , 2000390617947(3).jpg|BAG|3.2|EYE Domiciliario|2000390617947_parte_BAG.jpg|Envases de PEBD que NO contienen sustancias con grasa (4)|Flexible||1|PRIMARIO|Sin material reciclado|No Retornable|Residuo NO Peligroso|||||||
2000390617947|2000390617947|AGREGAR ELEMENTO AL PRODUCTO LEVANTADO|2000396690401(0).jpg , 2000395836299(1).jpg , 2000395836299(2).jpg , 2000390617947(3).jpg , 2000390617947(4).jpg|GANCHO|10.76|EYE Domiciliario|2000390617947_parte_GANCHO.jpg|Envases de PP que NO contienen sustancias con grasa (5)|Rigido||1|PRIMARIO|Sin material reciclado|No Retornable|Residuo NO Peligroso|||||||
2000396722416|2000396722416|https://qr.ripley.cl/2000396722416",
"|2000396722416(0).jpg|MASTER BOX|590|EYE Domiciliario|2000396722416_parte_MASTER BOX.jpg|CARTÓN|Corrugado||12|SECUNDARIO|Sin material reciclado|No Retornable|Residuo NO Peligroso|||||||
2000396722416|2000396722416|https://qr.ripley.cl/2000396722416",
"|2000396722416(0).jpg|MASTER BAG|23.71|EYE No domiciliario|2000396722416_parte_MASTER BAG.jpg|Envases de PEBD que NO contienen sustancias con grasa (4)|Flexible||12|SECUNDARIO|Sin material reciclado|No Retornable|Residuo NO Peligroso|||||||
2000396722416|2000396722416|https://qr.ripley.cl/2000396722416",
"|2000396722416(0).jpg|INNER BOX|82.12|EYE Domiciliario|2000396722416_parte_INNER BOX.jpg|CARTÓN|Corrugado||1|PRIMARIO|Sin material reciclado|No Retornable|Residuo NO Peligroso|||||||
2000396722416|2000396722416|https://qr.ripley.cl/2000396722416",
"|2000396722416(0).jpg|LABEL|1.96|EYE Domiciliario|2000396722416_parte_LABEL.jpg|Papel|||1|PRIMARIO|Sin material reciclado|No Retornable|Residuo NO Peligroso|||||||
2000396722416|2000396722416|https://qr.ripley.cl/2000396722416",
"|2000396722416(0).jpg|ALARM|7.55|RAEE|2000396722416_parte_ALARM.jpg||||||Sin material reciclado|No Retornable|Residuo NO Peligroso|AP - Otros aparatos pequeños||||||
2000396722416|2000396722416|https://qr.ripley.cl/2000396722416",
"|2000396722416(0).jpg|TAG X2|4.37|EYE Domiciliario|2000396722416_parte_TAG X2.jpg|CARTÓN|Cartulina||1|PRIMARIO|Sin material reciclado|No Retornable|Residuo NO Peligroso|||||||
2000396722416|2000396722416|https://qr.ripley.cl/2000396722416",
"|2000396722416(0).jpg|CORD|0.44|EYE Domiciliario|2000396722416_parte_CORD.jpg|Otros envases plásticos (7)|Flexible|PO/PE|1|PRIMARIO|Sin material reciclado|No Retornable|Residuo NO Peligroso|||||||
2000395442568|2000395442568|https://qr.ripley.cl/2000395442568",
"|2000395442568(0).jpg|MASTER BOX|385|EYE No domiciliario|2000395442568_parte_MASTER BOX.jpg|CARTÓN|Corrugado||22|SECUNDARIO|Sin material reciclado|No Retornable|Residuo NO Peligroso|||||||
2000395442568|2000395442568|https://qr.ripley.cl/2000395442568",
"|2000395442568(0).jpg|BAG|7.13|EYE Domiciliario|2000395442568_parte_BAG.jpg|Envases de PEBD que NO contienen sustancias con grasa (4)|Flexible||1|PRIMARIO|Sin material reciclado|No Retornable|Residuo NO Peligroso|||||||
2000395442568|2000395442568|https://qr.ripley.cl/2000395442568",
"|2000395442568(0).jpg|STICKER|0.12|EYE Domiciliario|2000395442568_parte_STICKER.jpg|Envases de PP que NO contienen sustancias con grasa (5)|Flexible||1|PRIMARIO|Sin material reciclado|No Retornable|Residuo NO Peligroso|||||||
2000395442568|2000395442568|https://qr.ripley.cl/2000395442568",
"|2000395442568(0).jpg|PAPEL SEPARADOR|0.76|EYE Domiciliario|2000395442568_parte_PAPEL SEPARADOR.jpg|Papel|||1|PRIMARIO|Sin material reciclado|No Retornable|Residuo NO Peligroso|||||||
2000395442568|2000395442568|https://qr.ripley.cl/2000395442568",
"|2000395442568(0).jpg|TAG X3|4.62|EYE Domiciliario|2000395442568_parte_TAG X3.jpg|CARTÓN|Cartulina||1|PRIMARIO|Sin material reciclado|No Retornable|Residuo NO Peligroso|||||||
2000395442568|2000395442568|https://qr.ripley.cl/2000395442568",
"|2000395442568(0).jpg|CORD|0.28|EYE Domiciliario|2000395442568_parte_CORD.jpg|Otros envases plásticos (7)|Flexible|PO/PE|1|PRIMARIO|Sin material reciclado|No Retornable|Residuo NO Peligroso|||||||
2000395442568|2000395442568|https://qr.ripley.cl/2000395442568",
"|2000395442568(0).jpg|MASTER BAG|33.27|EYE No domiciliario|2000395442568_parte_MASTER BAG.jpg|Envases de PEBD que NO contienen sustancias con grasa (4)|Flexible||22|SECUNDARIO|Sin material reciclado|No Retornable|Residuo NO Peligroso|||||||
2000395205200|2000395205200|https://qr.ripley.cl/2000395205200|2000395205200(0).jpg, |MASTER BOX|385|EYE No domiciliario|2000395442568_parte_MASTER BOX.jpg|CARTÓN|Corrugado||22|SECUNDARIO|Sin material reciclado|No Retornable|Residuo NO Peligroso|||||||
2000395205200|2000395205200|https://qr.ripley.cl/2000395205200|2000395205200(0).jpg, |BAG|7.13|EYE Domiciliario|2000395442568_parte_BAG.jpg|Envases de PEBD que NO contienen sustancias con grasa (4)|Flexible||1|PRIMARIO|Sin material reciclado|No Retornable|Residuo NO Peligroso|||||||
2000395205200|2000395205200|https://qr.ripley.cl/2000395205200|2000395205200(0).jpg, |STICKER|0.12|EYE Domiciliario|2000395442568_parte_STICKER.jpg|Envases de PP que NO contienen sustancias con grasa (5)|Flexible||1|PRIMARIO|Sin material reciclado|No Retornable|Residuo NO Peligroso|||||||
2000395205200|2000395205200|https://qr.ripley.cl/2000395205200|2000395205200(0).jpg, |PAPEL SEPARADOR|0.76|EYE Domiciliario|2000395442568_parte_PAPEL SEPARADOR.jpg|Papel|||1|PRIMARIO|Sin material reciclado|No Retornable|Residuo NO Peligroso|||||||
2000395205200|2000395205200|https://qr.ripley.cl/2000395205200|2000395205200(0).jpg, |TAG X3|4.62|EYE Domiciliario|2000395442568_parte_TAG X3.jpg|CARTÓN|Cartulina||1|PRIMARIO|Sin material reciclado|No Retornable|Residuo NO Peligroso|||||||
2000395205200|2000395205200|https://qr.ripley.cl/2000395205200|2000395205200(0).jpg, |CORD|0.28|EYE Domiciliario|2000395442568_parte_CORD.jpg|Otros envases plásticos (7)|Flexible|PO/PE|1|PRIMARIO|Sin material reciclado|No Retornable|Residuo NO Peligroso|||||||
2000395205200|2000395205200|https://qr.ripley.cl/2000395205200|2000395205200(0).jpg, |MASTER BAG|33.27|EYE No domiciliario|2000395442568_parte_MASTER BAG.jpg|Envases de PEBD que NO contienen sustancias con grasa (4)|Flexible||22|SECUNDARIO|Sin material reciclado|No Retornable|Residuo NO Peligroso|||||||
2000395869983|2000395869983|https://simple.ripley.com.pe/2000395869983",
"|2000395442568(0).jpg , 2000395869983(1).jpg|MASTER BOX|965|EYE No domiciliario|2000395869983_parte_MASTER BOX.jpg|CARTÓN|Corrugado||12|SECUNDARIO|Sin material reciclado|No Retornable|Residuo NO Peligroso|||||||
2000395869983|2000395869983|https://simple.ripley.com.pe/2000395869983",
"|2000395442568(0).jpg , 2000395869983(1).jpg|LABEL BOX|1|EYE No domiciliario|2000395869983_parte_LABEL BOX.jpg|Papel|||12|PRIMARIO|Sin material reciclado|No Retornable|Residuo NO Peligroso|||||||
2000395869983|2000395869983|https://simple.ripley.com.pe/2000395869983",
"|2000395442568(0).jpg , 2000395869983(1).jpg|SEPARADOR|20|EYE No domiciliario|2000395869983_parte_SEPARADOR.jpg|CARTÓN|Corrugado||12|SECUNDARIO|Sin material reciclado|No Retornable|Residuo NO Peligroso|||||||
2000395869983|2000395869983|https://simple.ripley.com.pe/2000395869983",
"|2000395442568(0).jpg , 2000395869983(1).jpg|BAG|23.91|EYE Domiciliario|2000395869983_parte_BAG.jpg|Envases de PP que NO contienen sustancias con grasa (5)|Flexible||1|PRIMARIO|Sin material reciclado|No Retornable|Residuo NO Peligroso|||||||
2000395869983|2000395869983|https://simple.ripley.com.pe/2000395869983",
"|2000395442568(0).jpg , 2000395869983(1).jpg|CARD|8.19|EYE Domiciliario|2000395869983_parte_CARD.jpg|CARTÓN|Cartulina||1|PRIMARIO|Sin material reciclado|No Retornable|Residuo NO Peligroso|||||||
2000395869983|2000395869983|https://simple.ripley.com.pe/2000395869983",
"|2000395442568(0).jpg , 2000395869983(1).jpg|PLASTIFLECHA X2|0.02|EYE Domiciliario|2000395869983_parte_PLASTIFLECHA X2.jpg|Envases de PP que NO contienen sustancias con grasa (5)|Rigido||1|PRIMARIO|Sin material reciclado|No Retornable|Residuo NO Peligroso|||||||
2000395869990|2000395869990|https://simple.ripley.com.pe/2000395869990|2000395869990(0).jpg, |MASTER BOX|965|EYE No domiciliario|2000395869983_parte_MASTER BOX.jpg|CARTÓN|Corrugado||12|SECUNDARIO|Sin material reciclado|No Retornable|Residuo NO Peligroso|||||||
2000395869990|2000395869990|https://simple.ripley.com.pe/2000395869990|2000395869990(0).jpg, |LABEL BOX|1|EYE No domiciliario|2000395869983_parte_LABEL BOX.jpg|Papel|||12|PRIMARIO|Sin material reciclado|No Retornable|Residuo NO Peligroso|||||||
2000395869990|2000395869990|https://simple.ripley.com.pe/2000395869990|2000395869990(0).jpg, |SEPARADOR|20|EYE No domiciliario|2000395869983_parte_SEPARADOR.jpg|CARTÓN|Corrugado||12|SECUNDARIO|Sin material reciclado|No Retornable|Residuo NO Peligroso|||||||
2000395869990|2000395869990|https://simple.ripley.com.pe/2000395869990|2000395869990(0).jpg, |BAG|23.91|EYE Domiciliario|2000395869983_parte_BAG.jpg|Envases de PP que NO contienen sustancias con grasa (5)|Flexible||1|PRIMARIO|Sin material reciclado|No Retornable|Residuo NO Peligroso|||||||
2000395869990|2000395869990|https://simple.ripley.com.pe/2000395869990|2000395869990(0).jpg, |CARD|8.19|EYE Domiciliario|2000395869983_parte_CARD.jpg|CARTÓN|Cartulina||1|PRIMARIO|Sin material reciclado|No Retornable|Residuo NO Peligroso|||||||
2000395869990|2000395869990|https://simple.ripley.com.pe/2000395869990|2000395869990(0).jpg, |PLASTIFLECHA X2|0.02|EYE Domiciliario|2000395869983_parte_PLASTIFLECHA X2.jpg|Envases de PP que NO contienen sustancias con grasa (5)|Rigido||1|PRIMARIO|Sin material reciclado|No Retornable|Residuo NO Peligroso|||||||
2000389752413|2000389752413|https://simple.ripley.com.pe/2000389752413",
"|2000395442568(0).jpg , 2000395869983(1).jpg , 2000389752413(2).jpg|MASTER BOX|250|EYE No domiciliario|2000389752413_parte_MASTER BOX.jpg|CARTÓN|Corrugado||48|SECUNDARIO|Sin material reciclado|No Retornable|Residuo NO Peligroso|||||||
2000389752413|2000389752413|https://simple.ripley.com.pe/2000389752413",
"|2000395442568(0).jpg , 2000395869983(1).jpg , 2000389752413(2).jpg|ETIQUETA MASTER|1.03|EYE No domiciliario|2000389752413_parte_ETIQUETA MASTER.jpg|Papel|||48|SECUNDARIO|Sin material reciclado|No Retornable|Residuo NO Peligroso|||||||
2000389752413|2000389752413|https://simple.ripley.com.pe/2000389752413",
"|2000395442568(0).jpg , 2000395869983(1).jpg , 2000389752413(2).jpg|INNER BAG|3.88|EYE No domiciliario|2000389752413_parte_INNER BAG.jpg|Envases de PP que NO contienen sustancias con grasa (5)|Flexible||4|SECUNDARIO|Sin material reciclado|No Retornable|Residuo NO Peligroso|||||||
2000389752413|2000389752413|https://simple.ripley.com.pe/2000389752413",
"|2000395442568(0).jpg , 2000395869983(1).jpg , 2000389752413(2).jpg|SLEEVER|4.87|EYE Domiciliario|2000389752413_parte_SLEEVER.jpg|CARTÓN|Cartulina||1|PRIMARIO|Sin material reciclado|No Retornable|Residuo NO Peligroso|||||||
2000389752413|2000389752413|https://simple.ripley.com.pe/2000389752413",
"|2000395442568(0).jpg , 2000395869983(1).jpg , 2000389752413(2).jpg|PLASTIFLECHA X2|0.02|EYE Domiciliario|2000389752413_parte_PLASTIFLECHA X2.jpg|Envases de PP que NO contienen sustancias con grasa (5)|Rigido||1|PRIMARIO|Sin material reciclado|No Retornable|Residuo NO Peligroso|||||||
2000389752413|2000389752413|https://simple.ripley.com.pe/2000389752413",
"|2000395442568(0).jpg , 2000395869983(1).jpg , 2000389752413(2).jpg|EETIQUETA RFID|0.41|RAEE|2000389752413_parte_EETIQUETA RFID.jpg||||||Sin material reciclado|No Retornable|Residuo NO Peligroso|AP - Otros aparatos pequeños||||||
2000389752413|2000389752413|AGREGAR ELEMENTO AL PRODUCTO|2000395442568(0).jpg , 2000395869983(1).jpg , 2000389752413(2).jpg , 2000389752413(3).jpg|GANCHO|0.5|EYE Domiciliario|2000389752413_parte_GANCHO.jpg|Envases de PP que NO contienen sustancias con grasa (5)|Rigido||1|PRIMARIO|Sin material reciclado|No Retornable|Residuo NO Peligroso|||||||
2000389752215|2000389752215|https://simple.ripley.com.pe/2000389752215|2000389752215(0).jpg, |MASTER BOX|250|EYE No domiciliario|2000389752413_parte_MASTER BOX.jpg|CARTÓN|Corrugado||48|SECUNDARIO|Sin material reciclado|No Retornable|Residuo NO Peligroso|||||||
2000389752215|2000389752215|https://simple.ripley.com.pe/2000389752215|2000389752215(0).jpg, |ETIQUETA MASTER|1.03|EYE No domiciliario|2000389752413_parte_ETIQUETA MASTER.jpg|Papel|||48|SECUNDARIO|Sin material reciclado|No Retornable|Residuo NO Peligroso|||||||
2000389752215|2000389752215|https://simple.ripley.com.pe/2000389752215|2000389752215(0).jpg, |INNER BAG|3.88|EYE No domiciliario|2000389752413_parte_INNER BAG.jpg|Envases de PP que NO contienen sustancias con grasa (5)|Flexible||4|SECUNDARIO|Sin material reciclado|No Retornable|Residuo NO Peligroso|||||||
2000389752215|2000389752215|https://simple.ripley.com.pe/2000389752215|2000389752215(0).jpg, |SLEEVER|4.87|EYE Domiciliario|2000389752413_parte_SLEEVER.jpg|CARTÓN|Cartulina||1|PRIMARIO|Sin material reciclado|No Retornable|Residuo NO Peligroso|||||||
2000389752215|2000389752215|https://simple.ripley.com.pe/2000389752215|2000389752215(0).jpg, |PLASTIFLECHA X2|0.02|EYE Domiciliario|2000389752413_parte_PLASTIFLECHA X2.jpg|Envases de PP que NO contienen sustancias con grasa (5)|Rigido||1|PRIMARIO|Sin material reciclado|No Retornable|Residuo NO Peligroso|||||||
2000389752215|2000389752215|https://simple.ripley.com.pe/2000389752215|2000389752215(0).jpg, |EETIQUETA RFID|0.41|RAEE|2000389752413_parte_EETIQUETA RFID.jpg||||||Sin material reciclado|No Retornable|Residuo NO Peligroso|AP - Otros aparatos pequeños||||||
2000389752215|2000389752215|https://simple.ripley.com.pe/2000389752215|2000395442568(0).jpg , 2000395869983(1).jpg , 2000389752413(2).jpg , 2000389752413(3).jpg|GANCHO|0.5|EYE Domiciliario|2000389752413_parte_GANCHO.jpg|Envases de PP que NO contienen sustancias con grasa (5)|Rigido||1|PRIMARIO|Sin material reciclado|No Retornable|Residuo NO Peligroso|||||||
2000397740112|2000397740112|https://qr.ripley.cl/2000397740112",
"|2000397740112(0).jpg|MASTER BOX|705|EYE No domiciliario|2000397740112_parte_MASTER BOX.jpg|CARTÓN|Corrugado||24|SECUNDARIO|Sin material reciclado|No Retornable|Residuo NO Peligroso|||||||
2000397740112|2000397740112|https://qr.ripley.cl/2000397740112",
"|2000397740112(0).jpg|LABEL BOX|1.08|EYE No domiciliario|2000397740112_parte_LABEL BOX.jpg|Papel|||24|SECUNDARIO|Sin material reciclado|No Retornable|Residuo NO Peligroso|||||||
2000397740112|2000397740112|https://qr.ripley.cl/2000397740112",
"|2000397740112(0).jpg|INNER BAG|9.65|EYE Domiciliario|2000397740112_parte_INNER BAG.jpg|Envases de PEBD que NO contienen sustancias con grasa (4)|Flexible||1|PRIMARIO|Sin material reciclado|No Retornable|Residuo NO Peligroso|||||||
2000397740112|2000397740112|https://qr.ripley.cl/2000397740112",
"|2000397740112(0).jpg|ALARM|7.49|RAEE|2000397740112_parte_ALARM.jpg||||||Sin material reciclado|No Retornable|Residuo NO Peligroso|AP - Otros aparatos pequeños||||||
2000397740112|2000397740112|https://qr.ripley.cl/2000397740112",
"|2000397740112(0).jpg|PAPEL|0.45|EYE Domiciliario|2000397740112_parte_PAPEL.jpg|Papel|||1|PRIMARIO|Sin material reciclado|No Retornable|Residuo NO Peligroso|||||||
2000397740112|2000397740112|https://qr.ripley.cl/2000397740112",
"|2000397740112(0).jpg|CORD|0.46|EYE Domiciliario|2000397740112_parte_CORD.jpg|Otros envases plásticos (7)|Flexible|PO/PE|1|PRIMARIO|Sin material reciclado|No Retornable|Residuo NO Peligroso|||||||
2000397740112|2000397740112|https://qr.ripley.cl/2000397740112",
"|2000397740112(0).jpg|STICKER|010|EYE Domiciliario|2000397740112_parte_STICKER.jpg|Envases de PP que NO contienen sustancias con grasa (5)|Flexible||1|PRIMARIO|Sin material reciclado|No Retornable|Residuo NO Peligroso|||||||
2000397740112|2000397740112|https://qr.ripley.cl/2000397740112",
"|2000397740112(0).jpg|PAPEL STICKER|0.12|EYE Domiciliario|2000397740112_parte_PAPEL STICKER.jpg|Otro papel compuesto||PAPEL/PE|1|PRIMARIO|Sin material reciclado|No Retornable|Residuo NO Peligroso|||||||
2000388257698|2000388257698|https://qr.ripley.cl/2000388257698",
,
"|2000397740112(0).jpg , 2000388257698(1).jpg|TAG X3|2.45|EYE Domiciliario|2000388257698_parte_TAG X3.jpg|CARTÓN|Cartulina||1|PRIMARIO|Sin material reciclado|No Retornable|Residuo NO Peligroso|||||||
2000388257698|2000388257698|https://qr.ripley.cl/2000388257698",
,
"|2000397740112(0).jpg , 2000388257698(1).jpg|PLASTIFLECHA|0.05|EYE Domiciliario|2000388257698_parte_PLASTIFLECHA.jpg|Envases de PP que NO contienen sustancias con grasa (5)|Rigido||1|PRIMARIO|Sin material reciclado|No Retornable|Residuo NO Peligroso|||||||
2000388257698|2000388257698|https://qr.ripley.cl/2000388257698",
,
"|2000397740112(0).jpg , 2000388257698(1).jpg|BAG|9.46|EYE Domiciliario|2000388257698_parte_BAG.jpg|Envases de PP que NO contienen sustancias con grasa (5)|Flexible||1|PRIMARIO|Sin material reciclado|No Retornable|Residuo NO Peligroso|||||||
2000388257698|2000388257698|https://qr.ripley.cl/2000388257698",
,
"|2000397740112(0).jpg , 2000388257698(1).jpg|GANCHO|10.29|EYE Domiciliario|2000388257698_parte_GANCHO.jpg|Envases de PS que NO contienen sustancias con grasa (6)|Rigido||1|PRIMARIO|Sin material reciclado|No Retornable|Residuo NO Peligroso|||||||
2000388257698|2000388257698|https://qr.ripley.cl/2000388257698",
,
"|2000397740112(0).jpg , 2000388257698(1).jpg|MASTER BOX|415|EYE No domiciliario|2000388257698_parte_MASTER BOX.jpg|CARTÓN|Corrugado||24|SECUNDARIO|Sin material reciclado|No Retornable|Residuo NO Peligroso|||||||
2000395092886|2000395092886|https://qr.ripley.cl/2000395092886",
"|2000397740112(0).jpg , 2000388257698(1).jpg , 2000395092886(2).jpg|MASTER BOX|605|EYE No domiciliario|2000395092886_parte_MASTER BOX.jpg|CARTÓN|Corrugado||24|SECUNDARIO|Sin material reciclado|No Retornable|Residuo NO Peligroso|||||||
2000395092886|2000395092886|https://qr.ripley.cl/2000395092886",
"|2000397740112(0).jpg , 2000388257698(1).jpg , 2000395092886(2).jpg|SEPARADOR X2|25|EYE No domiciliario|2000395092886_parte_SEPARADOR X2.jpg|CARTÓN|Corrugado||24|SECUNDARIO|Sin material reciclado|No Retornable|Residuo NO Peligroso|||||||
2000395092886|2000395092886|https://qr.ripley.cl/2000395092886",
"|2000397740112(0).jpg , 2000388257698(1).jpg , 2000395092886(2).jpg|BAG|14.58|EYE Domiciliario|2000395092886_parte_BAG.jpg|Envases de PEBD que NO contienen sustancias con grasa (4)|Flexible||1|PRIMARIO|Sin material reciclado|No Retornable|Residuo NO Peligroso|||||||
2000395092886|2000395092886|https://qr.ripley.cl/2000395092886",
"|2000397740112(0).jpg , 2000388257698(1).jpg , 2000395092886(2).jpg|TAG X4|5.7|EYE Domiciliario|2000395092886_parte_TAG X4.jpg|CARTÓN|Cartulina||1|PRIMARIO|Sin material reciclado|No Retornable|Residuo NO Peligroso|||||||
2000395092886|2000395092886|https://qr.ripley.cl/2000395092886",
"|2000397740112(0).jpg , 2000388257698(1).jpg , 2000395092886(2).jpg|CORD|0.23|EYE Domiciliario|2000395092886_parte_CORD.jpg|Otros envases plásticos (7)|Flexible|PO/PE|1|PRIMARIO|Sin material reciclado|No Retornable|Residuo NO Peligroso|||||||
2000395092886|2000395092886|https://qr.ripley.cl/2000395092886",
"|2000397740112(0).jpg , 2000388257698(1).jpg , 2000395092886(2).jpg|PAPEL|0.66|EYE Domiciliario|2000395092886_parte_PAPEL.jpg|Papel|||1|PRIMARIO|Sin material reciclado|No Retornable|Residuo NO Peligroso|||||||
2000395092886|2000395092886|https://qr.ripley.cl/2000395092886",
"|2000397740112(0).jpg , 2000388257698(1).jpg , 2000395092886(2).jpg|SILICA|1.05|EYE Domiciliario|2000395092886_parte_SILICA.jpg|OTRO MATERIAL||SILICA/PAPEL|1|PRIMARIO|Sin material reciclado|No Retornable|Residuo NO Peligroso|||||||
2000395092886|2000395092886|https://qr.ripley.cl/2000395092886",
"|2000397740112(0).jpg , 2000388257698(1).jpg , 2000395092886(2).jpg|STICKER TALLA|0.12|EYE Domiciliario|2000395092886_parte_STICKER TALLA.jpg|Envases de PP que NO contienen sustancias con grasa (5)|Flexible||1|PRIMARIO|Sin material reciclado|No Retornable|Residuo NO Peligroso|||||||
2000396630872|2000396630872|https://qr.ripley.cl/2000396630872|2000396630872(0).jpg, |MASTER BOX|605|EYE No domiciliario|2000395092886_parte_MASTER BOX.jpg|CARTÓN|Corrugado||24|SECUNDARIO|Sin material reciclado|No Retornable|Residuo NO Peligroso|||||||
2000396630872|2000396630872|https://qr.ripley.cl/2000396630872|2000396630872(0).jpg, |SEPARADOR X2|25|EYE No domiciliario|2000395092886_parte_SEPARADOR X2.jpg|CARTÓN|Corrugado||24|SECUNDARIO|Sin material reciclado|No Retornable|Residuo NO Peligroso|||||||
2000396630872|2000396630872|https://qr.ripley.cl/2000396630872|2000396630872(0).jpg, |BAG|14.58|EYE Domiciliario|2000395092886_parte_BAG.jpg|Envases de PEBD que NO contienen sustancias con grasa (4)|Flexible||1|PRIMARIO|Sin material reciclado|No Retornable|Residuo NO Peligroso|||||||
2000396630872|2000396630872|https://qr.ripley.cl/2000396630872|2000396630872(0).jpg, |TAG X4|5.7|EYE Domiciliario|2000395092886_parte_TAG X4.jpg|CARTÓN|Cartulina||1|PRIMARIO|Sin material reciclado|No Retornable|Residuo NO Peligroso|||||||
2000396630872|2000396630872|https://qr.ripley.cl/2000396630872|2000396630872(0).jpg, |CORD|0.23|EYE Domiciliario|2000395092886_parte_CORD.jpg|Otros envases plásticos (7)|Flexible|PO/PE|1|PRIMARIO|Sin material reciclado|No Retornable|Residuo NO Peligroso|||||||
2000396630872|2000396630872|https://qr.ripley.cl/2000396630872|2000396630872(0).jpg, |PAPEL|0.66|EYE Domiciliario|2000395092886_parte_PAPEL.jpg|Papel|||1|PRIMARIO|Sin material reciclado|No Retornable|Residuo NO Peligroso|||||||
2000396630872|2000396630872|https://qr.ripley.cl/2000396630872|2000396630872(0).jpg, |SILICA|1.05|EYE Domiciliario|2000395092886_parte_SILICA.jpg|OTRO MATERIAL||SILICA/PAPEL|1|PRIMARIO|Sin material reciclado|No Retornable|Residuo NO Peligroso|||||||
2000396630872|2000396630872|https://qr.ripley.cl/2000396630872|2000396630872(0).jpg, |STICKER TALLA|0.12|EYE Domiciliario|2000395092886_parte_STICKER TALLA.jpg|Envases de PP que NO contienen sustancias con grasa (5)|Flexible||1|PRIMARIO|Sin material reciclado|No Retornable|Residuo NO Peligroso|||||||
2000397207387|2000397207387|https://qr.ripley.cl/2000397207387",
"|2000397207387(0).jpg|MASTER BOX|390|EYE Domiciliario|2000397207387_parte_MASTER BOX.jpg|CARTÓN|Corrugado||14|SECUNDARIO|Sin material reciclado|No Retornable|Residuo NO Peligroso|||||||
2000397207387|2000397207387|https://qr.ripley.cl/2000397207387",
"|2000397207387(0).jpg|TAG X5|6.63|EYE Domiciliario|2000397207387_parte_TAG X5.jpg|CARTÓN|Cartulina||1|PRIMARIO|Sin material reciclado|No Retornable|Residuo NO Peligroso|||||||
2000397207387|2000397207387|https://qr.ripley.cl/2000397207387",
"|2000397207387(0).jpg|STICKER TALLA|0.18|EYE Domiciliario|2000397207387_parte_STICKER TALLA.jpg|Envases de PP que NO contienen sustancias con grasa (5)|Flexible||1|PRIMARIO|Sin material reciclado|No Retornable|Residuo NO Peligroso|||||||
2000397207387|2000397207387|https://qr.ripley.cl/2000397207387",
"|2000397207387(0).jpg|BAG|4.27|EYE Domiciliario|2000397207387_parte_BAG.jpg|Envases de PEBD que NO contienen sustancias con grasa (4)|Flexible||1|PRIMARIO|Sin material reciclado|No Retornable|Residuo NO Peligroso|||||||
2000397207387|2000397207387|https://qr.ripley.cl/2000397207387",
"|2000397207387(0).jpg|PAPEL|0.69|EYE Domiciliario|2000397207387_parte_PAPEL.jpg|Papel|||1|PRIMARIO|Sin material reciclado|No Retornable|Residuo NO Peligroso|||||||
2000397207387|2000397207387|https://qr.ripley.cl/2000397207387",
"|2000397207387(0).jpg|CORD|0.23|EYE Domiciliario|2000397207387_parte_CORD.jpg|Otros envases plásticos (7)|Flexible|PO/PE|1|PRIMARIO|Sin material reciclado|No Retornable|Residuo NO Peligroso|||||||
39089706|39089706|POLERAS MC 121001 BT21 V23|2000397207387(0).jpg , 39089706(1).jpg , 39089706(2).jpg|BAG|21.44|EYE Domiciliario|39089706_parte_BAG.jpg|Envases de PEBD que NO contienen sustancias con grasa (4)|Flexible||1|PRIMARIO|Sin material reciclado|No Retornable|Residuo NO Peligroso|||||||
39089706|39089706|POLERAS MC 121001 BT21 V23|2000397207387(0).jpg , 39089706(1).jpg , 39089706(2).jpg|MASTER BOX|380|EYE Domiciliario|39089706_parte_MASTER BOX.jpg|CARTÓN|Corrugado||11|SECUNDARIO|Sin material reciclado|No Retornable|Residuo NO Peligroso|||||||
39089706|39089706|POLERAS MC 121001 BT21 V23|2000397207387(0).jpg , 39089706(1).jpg , 39089706(2).jpg|ALARM|7.48|RAEE|39089706_parte_ALARM.jpg||||||Sin material reciclado|No Retornable|Residuo NO Peligroso|AP - Otros aparatos pequeños||||||
39089706|39089706|POLERAS MC 121001 BT21 V23|2000397207387(0).jpg , 39089706(1).jpg , 39089706(2).jpg|PLASTIFLECHA|0.01|EYE Domiciliario|39089706_parte_PLASTIFLECHA.jpg|Envases de PP que NO contienen sustancias con grasa (5)|Rigido||1|PRIMARIO|Sin material reciclado|No Retornable|Residuo NO Peligroso|||||||
39089706|39089706|POLERAS MC 121001 BT21 V23|2000397207387(0).jpg , 39089706(1).jpg , 39089706(2).jpg|TAG X2|4.91|EYE Domiciliario|39089706_parte_TAG X2.jpg|CARTÓN|Cartulina||1|PRIMARIO|Sin material reciclado|No Retornable|Residuo NO Peligroso|||||||
39089706|39089706|POLERAS MC 121001 BT21 V23|2000397207387(0).jpg , 39089706(1).jpg , 39089706(2).jpg|GANCHO|38.53|EYE Domiciliario|39089706_parte_GANCHO.jpg|Otros envases plásticos (7)|Rigido|PS/ACERO||PRIMARIO|Sin material reciclado|No Retornable|Residuo NO Peligroso|||||||
2000395128622|2000395128622|https://qr.ripley.cl/2000395128622",
"|2000397207387(0).jpg , 39089706(1).jpg , 39089706(2).jpg , 2000395128622(3).jpg|MASTER BOX|900|EYE Domiciliario|2000395128622_parte_MASTER BOX.jpg|CARTÓN|Corrugado||16|SECUNDARIO|Sin material reciclado|No Retornable|Residuo NO Peligroso|||||||
2000395128622|2000395128622|https://qr.ripley.cl/2000395128622",
"|2000397207387(0).jpg , 39089706(1).jpg , 39089706(2).jpg , 2000395128622(3).jpg|BAG|4.76|EYE Domiciliario|2000395128622_parte_BAG.jpg|Envases de PEBD que NO contienen sustancias con grasa (4)|Flexible||1|PRIMARIO|Sin material reciclado|No Retornable|Residuo NO Peligroso|||||||
2000395128622|2000395128622|https://qr.ripley.cl/2000395128622",
"|2000397207387(0).jpg , 39089706(1).jpg , 39089706(2).jpg , 2000395128622(3).jpg|TAG X4|5.08|EYE Domiciliario|2000395128622_parte_TAG X4.jpg|CARTÓN|Cartulina||1|PRIMARIO|Sin material reciclado|No Retornable|Residuo NO Peligroso|||||||
2000395128622|2000395128622|https://qr.ripley.cl/2000395128622",
"|2000397207387(0).jpg , 39089706(1).jpg , 39089706(2).jpg , 2000395128622(3).jpg|STICKER|0.18|EYE Domiciliario|2000395128622_parte_STICKER.jpg|Envases de PP que NO contienen sustancias con grasa (5)|Flexible||1|PRIMARIO|Sin material reciclado|No Retornable|Residuo NO Peligroso|||||||
2000395128622|2000395128622|https://qr.ripley.cl/2000395128622",
"|2000397207387(0).jpg , 39089706(1).jpg , 39089706(2).jpg , 2000395128622(3).jpg|CORD|0.41|EYE Domiciliario|2000395128622_parte_CORD.jpg|Otros envases plásticos (7)|Flexible|PO/PE|1|PRIMARIO|Sin material reciclado|No Retornable|Residuo NO Peligroso|||||||
2000396125156|2000396125156|https://qr.ripley.cl/2000396125156",
"|2000397207387(0).jpg , 39089706(1).jpg , 39089706(2).jpg , 2000395128622(3).jpg , 2000396125156(4).jpg|MASTER  BOX|285|EYE No domiciliario|2000396125156_parte_MASTER  BOX.jpg|CARTÓN|Corrugado||36|SECUNDARIO|Sin material reciclado|No Retornable|Residuo NO Peligroso|||||||
2000396125156|2000396125156|https://qr.ripley.cl/2000396125156",
"|2000397207387(0).jpg , 39089706(1).jpg , 39089706(2).jpg , 2000395128622(3).jpg , 2000396125156(4).jpg|MASTER BAG|13.41|EYE Domiciliario|2000396125156_parte_MASTER BAG.jpg|Envases de PEBD que NO contienen sustancias con grasa (4)|Flexible||36|SECUNDARIO|Sin material reciclado|No Retornable|Residuo NO Peligroso|||||||
2000396125156|2000396125156|https://qr.ripley.cl/2000396125156",
"|2000397207387(0).jpg , 39089706(1).jpg , 39089706(2).jpg , 2000395128622(3).jpg , 2000396125156(4).jpg|PAPEL|0.63|EYE Domiciliario|2000396125156_parte_PAPEL.jpg|Papel|||1|PRIMARIO|Sin material reciclado|No Retornable|Residuo NO Peligroso|||||||
2000396125156|2000396125156|https://qr.ripley.cl/2000396125156",
"|2000397207387(0).jpg , 39089706(1).jpg , 39089706(2).jpg , 2000395128622(3).jpg , 2000396125156(4).jpg|TAG X4|5.21|EYE Domiciliario|2000396125156_parte_TAG X4.jpg|CARTÓN|Cartulina||1|PRIMARIO|Sin material reciclado|No Retornable|Residuo NO Peligroso|||||||
2000396125156|2000396125156|https://qr.ripley.cl/2000396125156",
"|2000397207387(0).jpg , 39089706(1).jpg , 39089706(2).jpg , 2000395128622(3).jpg , 2000396125156(4).jpg|CORD|0.14|EYE Domiciliario|2000396125156_parte_CORD.jpg|Otros envases plásticos (7)|Flexible|PO/PE|1|PRIMARIO|Sin material reciclado|No Retornable|Residuo NO Peligroso|||||||
2000396125156|2000396125156|https://qr.ripley.cl/2000396125156",
"|2000397207387(0).jpg , 39089706(1).jpg , 39089706(2).jpg , 2000395128622(3).jpg , 2000396125156(4).jpg|BAG|2.79|EYE Domiciliario|2000396125156_parte_BAG.jpg|Envases de PEBD que NO contienen sustancias con grasa (4)|Flexible||1|PRIMARIO|Sin material reciclado|No Retornable|Residuo NO Peligroso|||||||
2000396125156|2000396125156|https://qr.ripley.cl/2000396125156",
"|2000397207387(0).jpg , 39089706(1).jpg , 39089706(2).jpg , 2000395128622(3).jpg , 2000396125156(4).jpg|PAPEL 2`|0.46|EYE Domiciliario|2000396125156_parte_PAPEL 2`.jpg|Papel|||1|PRIMARIO|Sin material reciclado|No Retornable|Residuo NO Peligroso|||||||
2000396125156|2000396125156|https://qr.ripley.cl/2000396125156",
"|2000397207387(0).jpg , 39089706(1).jpg , 39089706(2).jpg , 2000395128622(3).jpg , 2000396125156(4).jpg|STICKER TALLA|0.13|EYE Domiciliario|2000396125156_parte_STICKER TALLA.jpg|Envases de PP que NO contienen sustancias con grasa (5)|Flexible||1|PRIMARIO|Sin material reciclado|No Retornable|Residuo NO Peligroso|||||||
2000395168499|2000395168499|https://qr.ripley.cl/2000395168499",
"|2000395168499(0).jpg|MASTER BOX|410|EYE No domiciliario|2000395168499_parte_MASTER BOX.jpg|CARTÓN|Corrugado||17|SECUNDARIO|Sin material reciclado|No Retornable|Residuo NO Peligroso|||||||
2000395168499|2000395168499|https://qr.ripley.cl/2000395168499",
"|2000395168499(0).jpg|SEPARADOR|5|EYE Domiciliario|2000395168499_parte_SEPARADOR.jpg|CARTÓN|Corrugado||17|SECUNDARIO|Sin material reciclado|No Retornable|Residuo NO Peligroso|||||||
2000395168499|2000395168499|https://qr.ripley.cl/2000395168499",
"|2000395168499(0).jpg|TAG X3|6.59|EYE Domiciliario|2000395168499_parte_TAG X3.jpg|CARTÓN|Cartulina||1|PRIMARIO|Sin material reciclado|No Retornable|Residuo NO Peligroso|||||||
2000395168499|2000395168499|https://qr.ripley.cl/2000395168499",
"|2000395168499(0).jpg|CORD|0.28|EYE Domiciliario|2000395168499_parte_CORD.jpg|OTRO MATERIAL||ALGODON|1|PRIMARIO|Sin material reciclado|No Retornable|Residuo NO Peligroso|||||||
2000395168499|2000395168499|https://qr.ripley.cl/2000395168499",
"|2000395168499(0).jpg|PAPEL|0.71|EYE Domiciliario|2000395168499_parte_PAPEL.jpg|Papel|||1|PRIMARIO|Sin material reciclado|No Retornable|Residuo NO Peligroso|||||||
2000395168499|2000395168499|https://qr.ripley.cl/2000395168499",
"|2000395168499(0).jpg|STICKER TALLA|0.17|EYE Domiciliario|2000395168499_parte_STICKER TALLA.jpg|Envases de PP que NO contienen sustancias con grasa (5)|Flexible||1|PRIMARIO|Sin material reciclado|No Retornable|Residuo NO Peligroso|||||||
2000395168499|2000395168499|https://qr.ripley.cl/2000395168499",
"|2000395168499(0).jpg|BAG|5.05|EYE Domiciliario|2000395168499_parte_BAG.jpg|Envases de PEBD que NO contienen sustancias con grasa (4)|Flexible||1|PRIMARIO|Sin material reciclado|No Retornable|Residuo NO Peligroso|||||||
2000396992390|2000396992390|https://qr.ripley.cl/2000396992390",
"|2000395168499(0).jpg , 2000396992390(1).jpg|MASTER BOX|875|EYE No domiciliario|2000396992390_parte_MASTER BOX.jpg|CARTÓN|Corrugado||36|SECUNDARIO|Sin material reciclado|No Retornable|Residuo NO Peligroso|||||||
2000396992390|2000396992390|https://qr.ripley.cl/2000396992390",
"|2000395168499(0).jpg , 2000396992390(1).jpg|BAG|7.84|EYE Domiciliario|2000396992390_parte_BAG.jpg|Envases de PEBD que NO contienen sustancias con grasa (4)|Flexible||1|PRIMARIO|Sin material reciclado|No Retornable|Residuo NO Peligroso|||||||
2000396992390|2000396992390|https://qr.ripley.cl/2000396992390",
"|2000395168499(0).jpg , 2000396992390(1).jpg|ALARM|7.49|RAEE|2000396992390_parte_ALARM.jpg||||||Sin material reciclado|No Retornable|Residuo NO Peligroso|AP - Otros aparatos pequeños||||||
2000396992390|2000396992390|https://qr.ripley.cl/2000396992390",
"|2000395168499(0).jpg , 2000396992390(1).jpg|STICKER|0.16|EYE Domiciliario|2000396992390_parte_STICKER.jpg|Envases de PP que NO contienen sustancias con grasa (5)|Flexible||1|PRIMARIO|Sin material reciclado|No Retornable|Residuo NO Peligroso|||||||
2000396992390|2000396992390|https://qr.ripley.cl/2000396992390",
"|2000395168499(0).jpg , 2000396992390(1).jpg|CORD|0.17|EYE Domiciliario|2000396992390_parte_CORD.jpg|Otros envases plásticos (7)|||1|PRIMARIO|Sin material reciclado|No Retornable|Residuo NO Peligroso|||||||
2000396719294|2000396719294|https://qr.ripley.cl/2000396719294",
"|2000396719294(0).jpg|MASTER BOX|555|EYE No domiciliario|2000396719294_parte_MASTER BOX.jpg|CARTÓN|Corrugado||24|SECUNDARIO|Sin material reciclado|No Retornable|Residuo NO Peligroso|||||||
2000396719294|2000396719294|https://qr.ripley.cl/2000396719294",
"|2000396719294(0).jpg|BAG|9.44|EYE Domiciliario|2000396719294_parte_BAG.jpg|Envases de PEBD que NO contienen sustancias con grasa (4)|Flexible||1|PRIMARIO|Sin material reciclado|No Retornable|Residuo NO Peligroso|||||||
2000396719294|2000396719294|https://qr.ripley.cl/2000396719294",
"|2000396719294(0).jpg|STICKER TALLA|0.14|EYE Domiciliario|2000396719294_parte_STICKER TALLA.jpg|Envases de PP que NO contienen sustancias con grasa (5)|Flexible||1|PRIMARIO|Sin material reciclado|No Retornable|Residuo NO Peligroso|||||||
2000396719294|2000396719294|https://qr.ripley.cl/2000396719294",
"|2000396719294(0).jpg|PAPEL|0.7|EYE Domiciliario|2000396719294_parte_PAPEL.jpg|Papel|||1|PRIMARIO|Sin material reciclado|No Retornable|Residuo NO Peligroso|||||||
2000396719294|2000396719294|https://qr.ripley.cl/2000396719294",
"|2000396719294(0).jpg|CORD|0.27|EYE Domiciliario|2000396719294_parte_CORD.jpg|Otros envases plásticos (7)|Flexible|PO/PE|1|PRIMARIO|Sin material reciclado|No Retornable|Residuo NO Peligroso|||||||
2000396719294|2000396719294|https://qr.ripley.cl/2000396719294",
"|2000396719294(0).jpg|TAG X4|6.44|EYE Domiciliario|2000396719294_parte_TAG X4.jpg|CARTÓN|Cartulina||1|PRIMARIO|Sin material reciclado|No Retornable|Residuo NO Peligroso|||||||
2000390886152|2000390886152|https://qr.ripley.cl/2000390886152",
"|2000396719294(0).jpg , 2000390886152(1).jpg|MASTER BOX|755|EYE No domiciliario|2000390886152_parte_MASTER BOX.jpg|CARTÓN|Corrugado||24|SECUNDARIO|Sin material reciclado|No Retornable|Residuo NO Peligroso|||||||
2000390886152|2000390886152|https://qr.ripley.cl/2000390886152",
"|2000396719294(0).jpg , 2000390886152(1).jpg|TAG X3|5.79|EYE Domiciliario|2000390886152_parte_TAG X3.jpg|CARTÓN|Cartulina||1|PRIMARIO|Sin material reciclado|No Retornable|Residuo NO Peligroso|||||||
2000390886152|2000390886152|https://qr.ripley.cl/2000390886152",
"|2000396719294(0).jpg , 2000390886152(1).jpg|CORD|0.2|EYE Domiciliario|2000390886152_parte_CORD.jpg|Otros envases plásticos (7)|Flexible|PO/PE|1|PRIMARIO|Sin material reciclado|No Retornable|Residuo NO Peligroso|||||||
2000390886152|2000390886152|https://qr.ripley.cl/2000390886152",
"|2000396719294(0).jpg , 2000390886152(1).jpg|BAG|7.55|EYE Domiciliario|2000390886152_parte_BAG.jpg|Envases de PEBD que NO contienen sustancias con grasa (4)|Flexible||1|PRIMARIO|Sin material reciclado|No Retornable|Residuo NO Peligroso|||||||
2000390886152|2000390886152|https://qr.ripley.cl/2000390886152",
"|2000396719294(0).jpg , 2000390886152(1).jpg|SILICA|2.51|EYE No domiciliario|2000390886152_parte_SILICA.jpg|OTRO MATERIAL||SILICA/PAPEL|24|SECUNDARIO|Sin material reciclado|No Retornable|Residuo NO Peligroso|||||||
2000396847300|2000396847300|https://qr.ripley.cl/2000396847300",
"|2000396719294(0).jpg , 2000390886152(1).jpg , 2000396847300(2).jpg|MASTER BOX|555|EYE No domiciliario|2000396847300_parte_MASTER BOX.jpg|CARTÓN|Corrugado||24|SECUNDARIO|Sin material reciclado|No Retornable|Residuo NO Peligroso|||||||
2000396847300|2000396847300|https://qr.ripley.cl/2000396847300",
"|2000396719294(0).jpg , 2000390886152(1).jpg , 2000396847300(2).jpg|ELASTICOS|1.85|EYE No domiciliario|2000396847300_parte_ELASTICOS.jpg|Otros envases plásticos (7)|Flexible|PU|24|SECUNDARIO|Sin material reciclado|No Retornable|Residuo NO Peligroso|||||||
2000396847300|2000396847300|https://qr.ripley.cl/2000396847300",
"|2000396719294(0).jpg , 2000390886152(1).jpg , 2000396847300(2).jpg|GANCHO|34.58|EYE Domiciliario|2000396847300_parte_GANCHO.jpg|Otros envases plásticos (7)|Rigido|PS/ACERO|1|PRIMARIO|Sin material reciclado|No Retornable|Residuo NO Peligroso|||||||
2000396847300|2000396847300|https://qr.ripley.cl/2000396847300",
"|2000396719294(0).jpg , 2000390886152(1).jpg , 2000396847300(2).jpg|TAGX3|5.91|EYE Domiciliario|2000396847300_parte_TAGX3.jpg|CARTÓN|Cartulina||1|PRIMARIO|Sin material reciclado|No Retornable|Residuo NO Peligroso|||||||
2000396847300|2000396847300|https://qr.ripley.cl/2000396847300",
"|2000396719294(0).jpg , 2000390886152(1).jpg , 2000396847300(2).jpg|CORD|0.39|EYE Domiciliario|2000396847300_parte_CORD.jpg|Otros envases plásticos (7)|Flexible|PO/PE|1|PRIMARIO|Sin material reciclado|No Retornable|Residuo NO Peligroso|||||||
2000396847300|2000396847300|https://qr.ripley.cl/2000396847300",
"|2000396719294(0).jpg , 2000390886152(1).jpg , 2000396847300(2).jpg|BAG|15.33|EYE Domiciliario|2000396847300_parte_BAG.jpg|Envases de PEBD que NO contienen sustancias con grasa (4)|Flexible||1|PRIMARIO|Sin material reciclado|No Retornable|Residuo NO Peligroso|||||||
2000395238116|2000395238116|https://qr.ripley.cl/2000395238116",
"|2000395238116(0).jpg|MASTER BOX|570|EYE No domiciliario|2000395238116_parte_MASTER BOX.jpg|CARTÓN|Corrugado||24|SECUNDARIO|Sin material reciclado|No Retornable|Residuo NO Peligroso|||||||
2000395238116|2000395238116|https://qr.ripley.cl/2000395238116",
"|2000395238116(0).jpg|BAG|5.79|EYE Domiciliario|2000395238116_parte_BAG.jpg|Envases de PEBD que NO contienen sustancias con grasa (4)|Flexible||1|PRIMARIO|Sin material reciclado|No Retornable|Residuo NO Peligroso|||||||
2000395238116|2000395238116|https://qr.ripley.cl/2000395238116",
"|2000395238116(0).jpg|STICKER TALLA|0.15|EYE Domiciliario|2000395238116_parte_STICKER TALLA.jpg|Envases de PP que NO contienen sustancias con grasa (5)|Flexible||1|PRIMARIO|Sin material reciclado|No Retornable|Residuo NO Peligroso|||||||
2000395238116|2000395238116|https://qr.ripley.cl/2000395238116",
"|2000395238116(0).jpg|TAG X3|4.86|EYE Domiciliario|2000395238116_parte_TAG X3.jpg|CARTÓN|Cartulina||1|PRIMARIO|Sin material reciclado|No Retornable|Residuo NO Peligroso|||||||
2000395238116|2000395238116|https://qr.ripley.cl/2000395238116",
"|2000395238116(0).jpg|CORD|0.57|EYE Domiciliario|2000395238116_parte_CORD.jpg|Otros envases plásticos (7)|Flexible|PO/PE|1|PRIMARIO|Sin material reciclado|No Retornable|Residuo NO Peligroso|||||||
2000395274947|2000395274947|2000395274947|https://qr.ripley.cl/2000395274947(0).jpg, |MASTER BOX|570|EYE No domiciliario|2000395238116_parte_MASTER BOX.jpg|CARTÓN|Corrugado||24|SECUNDARIO|Sin material reciclado|No Retornable|Residuo NO Peligroso|||||||
2000395274947|2000395274947|2000395274947|https://qr.ripley.cl/2000395274947(0).jpg, |BAG|5.79|EYE Domiciliario|2000395238116_parte_BAG.jpg|Envases de PEBD que NO contienen sustancias con grasa (4)|Flexible||1|PRIMARIO|Sin material reciclado|No Retornable|Residuo NO Peligroso|||||||
2000395274947|2000395274947|2000395274947|https://qr.ripley.cl/2000395274947(0).jpg, |STICKER TALLA|0.15|EYE Domiciliario|2000395238116_parte_STICKER TALLA.jpg|Envases de PP que NO contienen sustancias con grasa (5)|Flexible||1|PRIMARIO|Sin material reciclado|No Retornable|Residuo NO Peligroso|||||||
2000395274947|2000395274947|2000395274947|https://qr.ripley.cl/2000395274947(0).jpg, |TAG X3|4.86|EYE Domiciliario|2000395238116_parte_TAG X3.jpg|CARTÓN|Cartulina||1|PRIMARIO|Sin material reciclado|No Retornable|Residuo NO Peligroso|||||||
2000395274947|2000395274947|2000395274947|https://qr.ripley.cl/2000395274947(0).jpg, |CORD|0.57|EYE Domiciliario|2000395238116_parte_CORD.jpg|Otros envases plásticos (7)|Flexible|PO/PE|1|PRIMARIO|Sin material reciclado|No Retornable|Residuo NO Peligroso|||||||
2000388257339|2000388257339|2000388257339|2000388257339(0).jpg, |TAG X3|2.45|EYE Domiciliario|2000388257698_parte_TAG X3.jpg|CARTÓN|Cartulina||1|PRIMARIO|Sin material reciclado|No Retornable|Residuo NO Peligroso|||||||
2000388257339|2000388257339|2000388257339|2000388257339(0).jpg, |PLASTIFLECHA|0.05|EYE Domiciliario|2000388257698_parte_PLASTIFLECHA.jpg|Envases de PP que NO contienen sustancias con grasa (5)|Rigido||1|PRIMARIO|Sin material reciclado|No Retornable|Residuo NO Peligroso|||||||
2000388257339|2000388257339|2000388257339|2000388257339(0).jpg, |BAG|9.46|EYE Domiciliario|2000388257698_parte_BAG.jpg|Envases de PP que NO contienen sustancias con grasa (5)|Flexible||1|PRIMARIO|Sin material reciclado|No Retornable|Residuo NO Peligroso|||||||
2000388257339|2000388257339|2000388257339|2000388257339(0).jpg, |GANCHO|10.29|EYE Domiciliario|2000388257698_parte_GANCHO.jpg|Envases de PS que NO contienen sustancias con grasa (6)|Rigido||1|PRIMARIO|Sin material reciclado|No Retornable|Residuo NO Peligroso|||||||
2000388257339|2000388257339|2000388257339|2000388257339(0).jpg, |MASTER BOX|415|EYE No domiciliario|2000388257698_parte_MASTER BOX.jpg|CARTÓN|Corrugado||24|SECUNDARIO|Sin material reciclado|No Retornable|Residuo NO Peligroso|||||||
2000392164814|2000392164814|2000392164814|2000392164814(0).jpg, |TAG X3|2.45|EYE Domiciliario|2000388257698_parte_TAG X3.jpg|CARTÓN|Cartulina||1|PRIMARIO|Sin material reciclado|No Retornable|Residuo NO Peligroso|||||||
2000392164814|2000392164814|2000392164814|2000392164814(0).jpg, |PLASTIFLECHA|0.05|EYE Domiciliario|2000388257698_parte_PLASTIFLECHA.jpg|Envases de PP que NO contienen sustancias con grasa (5)|Rigido||1|PRIMARIO|Sin material reciclado|No Retornable|Residuo NO Peligroso|||||||
2000392164814|2000392164814|2000392164814|2000392164814(0).jpg, |BAG|9.46|EYE Domiciliario|2000388257698_parte_BAG.jpg|Envases de PP que NO contienen sustancias con grasa (5)|Flexible||1|PRIMARIO|Sin material reciclado|No Retornable|Residuo NO Peligroso|||||||
2000392164814|2000392164814|2000392164814|2000392164814(0).jpg, |GANCHO|10.29|EYE Domiciliario|2000388257698_parte_GANCHO.jpg|Envases de PS que NO contienen sustancias con grasa (6)|Rigido||1|PRIMARIO|Sin material reciclado|No Retornable|Residuo NO Peligroso|||||||
2000392164814|2000392164814|2000392164814|2000392164814(0).jpg, |MASTER BOX|415|EYE No domiciliario|2000388257698_parte_MASTER BOX.jpg|CARTÓN|Corrugado||24|SECUNDARIO|Sin material reciclado|No Retornable|Residuo NO Peligroso|||||||
2000395809460|2000395809460|2000395809460|https://qr.ripley.cl/2000395809460(0).jpg, |TAG X3|2.45|EYE Domiciliario|2000388257698_parte_TAG X3.jpg|CARTÓN|Cartulina||1|PRIMARIO|Sin material reciclado|No Retornable|Residuo NO Peligroso|||||||
2000395809460|2000395809460|2000395809460|https://qr.ripley.cl/2000395809460(0).jpg, |PLASTIFLECHA|0.05|EYE Domiciliario|2000388257698_parte_PLASTIFLECHA.jpg|Envases de PP que NO contienen sustancias con grasa (5)|Rigido||1|PRIMARIO|Sin material reciclado|No Retornable|Residuo NO Peligroso|||||||
2000395809460|2000395809460|2000395809460|https://qr.ripley.cl/2000395809460(0).jpg, |BAG|9.46|EYE Domiciliario|2000388257698_parte_BAG.jpg|Envases de PP que NO contienen sustancias con grasa (5)|Flexible||1|PRIMARIO|Sin material reciclado|No Retornable|Residuo NO Peligroso|||||||
2000395809460|2000395809460|2000395809460|https://qr.ripley.cl/2000395809460(0).jpg, |GANCHO|10.29|EYE Domiciliario|2000388257698_parte_GANCHO.jpg|Envases de PS que NO contienen sustancias con grasa (6)|Rigido||1|PRIMARIO|Sin material reciclado|No Retornable|Residuo NO Peligroso|||||||
2000395809460|2000395809460|2000395809460|https://qr.ripley.cl/2000395809460(0).jpg, |MASTER BOX|415|EYE No domiciliario|2000388257698_parte_MASTER BOX.jpg|CARTÓN|Corrugado||24|SECUNDARIO|Sin material reciclado|No Retornable|Residuo NO Peligroso|||||||
2000388257568|2000388257568|https://qr.ripley.cl/2000388257568",
"|2000388257568(0).jpg|MASTER BOX|500|EYE No domiciliario|2000388257568_parte_MASTER BOX.jpg|CARTÓN|Corrugado||24|SECUNDARIO|Sin material reciclado|No Retornable|Residuo NO Peligroso|||||||
2000388257568|2000388257568|https://qr.ripley.cl/2000388257568",
"|2000388257568(0).jpg|ELASTICOS|5.97|EYE No domiciliario|2000388257568_parte_ELASTICOS.jpg|Otros envases plásticos (7)|Flexible|PU|24|SECUNDARIO|Sin material reciclado|No Retornable|Residuo NO Peligroso|||||||
2000388257568|2000388257568|https://qr.ripley.cl/2000388257568",
"|2000388257568(0).jpg|TAGX3|2.51|EYE Domiciliario|2000388257568_parte_TAGX3.jpg|CARTÓN|Cartulina||1|PRIMARIO|Sin material reciclado|No Retornable|Residuo NO Peligroso|||||||
2000388257568|2000388257568|https://qr.ripley.cl/2000388257568",
"|2000388257568(0).jpg|PLASTIFLECHAS|0.01|EYE Domiciliario|2000388257568_parte_PLASTIFLECHAS.jpg|Envases de PP que NO contienen sustancias con grasa (5)|Rigido||1|PRIMARIO|Sin material reciclado|No Retornable|Residuo NO Peligroso|||||||
2000388257568|2000388257568|https://qr.ripley.cl/2000388257568",
"|2000388257568(0).jpg|GANCHO|10.38|EYE Domiciliario|2000388257568_parte_GANCHO.jpg|Envases de PS que NO contienen sustancias con grasa (6)|Rigido||1|PRIMARIO|Sin material reciclado|No Retornable|Residuo NO Peligroso|||||||
2000388257568|2000388257568|https://qr.ripley.cl/2000388257568",
"|2000388257568(0).jpg|BAG|9.25|EYE Domiciliario|2000388257568_parte_BAG.jpg|Envases de PP que NO contienen sustancias con grasa (5)|Flexible||1|PRIMARIO|Sin material reciclado|No Retornable|Residuo NO Peligroso|||||||
2000388257445|2000388257445|2000388257445|2000388257445(0).jpg, |MASTER BOX|500|EYE No domiciliario|2000388257568_parte_MASTER BOX.jpg|CARTÓN|Corrugado||24|SECUNDARIO|Sin material reciclado|No Retornable|Residuo NO Peligroso|||||||
2000388257445|2000388257445|2000388257445|2000388257445(0).jpg, |ELASTICOS|5.97|EYE No domiciliario|2000388257568_parte_ELASTICOS.jpg|Otros envases plásticos (7)|Flexible|PU|24|SECUNDARIO|Sin material reciclado|No Retornable|Residuo NO Peligroso|||||||
2000388257445|2000388257445|2000388257445|2000388257445(0).jpg, |TAGX3|2.51|EYE Domiciliario|2000388257568_parte_TAGX3.jpg|CARTÓN|Cartulina||1|PRIMARIO|Sin material reciclado|No Retornable|Residuo NO Peligroso|||||||
2000388257445|2000388257445|2000388257445|2000388257445(0).jpg, |PLASTIFLECHAS|0.01|EYE Domiciliario|2000388257568_parte_PLASTIFLECHAS.jpg|Envases de PP que NO contienen sustancias con grasa (5)|Rigido||1|PRIMARIO|Sin material reciclado|No Retornable|Residuo NO Peligroso|||||||
2000388257445|2000388257445|2000388257445|2000388257445(0).jpg, |GANCHO|10.38|EYE Domiciliario|2000388257568_parte_GANCHO.jpg|Envases de PS que NO contienen sustancias con grasa (6)|Rigido||1|PRIMARIO|Sin material reciclado|No Retornable|Residuo NO Peligroso|||||||
2000388257445|2000388257445|2000388257445|2000388257445(0).jpg, |BAG|9.25|EYE Domiciliario|2000388257568_parte_BAG.jpg|Envases de PP que NO contienen sustancias con grasa (5)|Flexible||1|PRIMARIO|Sin material reciclado|No Retornable|Residuo NO Peligroso|||||||
2000397499539|2000397499539|https://qr.ripley.cl/2000397499539",
"|2000397499539(0).jpg|MASTER BOX|825|EYE No domiciliario|2000397499539_parte_MASTER BOX.jpg|CARTÓN|Corrugado||24|SECUNDARIO|Sin material reciclado|No Retornable|Residuo NO Peligroso|||||||
2000397499539|2000397499539|https://qr.ripley.cl/2000397499539",
"|2000397499539(0).jpg|TAG X3|3.34|EYE Domiciliario|2000397499539_parte_TAG X3.jpg|CARTÓN|Cartulina||1|PRIMARIO|Sin material reciclado|No Retornable|Residuo NO Peligroso|||||||
2000397499539|2000397499539|https://qr.ripley.cl/2000397499539",
"|2000397499539(0).jpg|PLASTIFLECHA|0.02|EYE Domiciliario|2000397499539_parte_PLASTIFLECHA.jpg|Envases de PP que NO contienen sustancias con grasa (5)|Rigido||1|PRIMARIO|Sin material reciclado|No Retornable|Residuo NO Peligroso|||||||
2000397499539|2000397499539|https://qr.ripley.cl/2000397499539",
"|2000397499539(0).jpg|CORD|3.33|EYE Domiciliario|2000397499539_parte_CORD.jpg|CARTÓN|Cartulina||1|PRIMARIO|Sin material reciclado|No Retornable|Residuo NO Peligroso|||||||
2000397499539|2000397499539|https://qr.ripley.cl/2000397499539",
"|2000397499539(0).jpg|STICKER TALLA|0.14|EYE Domiciliario|2000397499539_parte_STICKER TALLA.jpg|Envases de PP que NO contienen sustancias con grasa (5)|Flexible||1|PRIMARIO|Sin material reciclado|No Retornable|Residuo NO Peligroso|||||||
2000397499539|2000397499539|https://qr.ripley.cl/2000397499539",
"|2000397499539(0).jpg|CORD|0.21|EYE Domiciliario|2000397499539_parte_CORD.jpg|Otros envases plásticos (7)|Flexible|PU|1|PRIMARIO|Sin material reciclado|No Retornable|Residuo NO Peligroso|||||||
2000397499539|2000397499539|https://qr.ripley.cl/2000397499539",
"|2000397499539(0).jpg|PAPEL|0.69|EYE Domiciliario|2000397499539_parte_PAPEL.jpg|Papel|||1|PRIMARIO|Sin material reciclado|No Retornable|Residuo NO Peligroso|||||||
2000397499539|2000397499539|https://qr.ripley.cl/2000397499539",
"|2000397499539(0).jpg|BAG|6.12|EYE Domiciliario|2000397499539_parte_BAG.jpg|Envases de PEBD que NO contienen sustancias con grasa (4)|Flexible||1|PRIMARIO|Sin material reciclado|No Retornable|Residuo NO Peligroso|||||||
2000397499539|2000397499539|https://qr.ripley.cl/2000397499539",
"|2000397499539(0).jpg|ALARM|7.42|RAEE|2000397499539_parte_ALARM.jpg||||||Sin material reciclado|No Retornable|Residuo NO Peligroso|AP - Otros aparatos pequeños||||||
2000397740013|2000397740013|2000397740013|2000397740013(0).jpg, |MASTER BOX|825|EYE No domiciliario|2000397499539_parte_MASTER BOX.jpg|CARTÓN|Corrugado||24|SECUNDARIO|Sin material reciclado|No Retornable|Residuo NO Peligroso|||||||
2000397740013|2000397740013|2000397740013|2000397740013(0).jpg, |TAG X3|3.34|EYE Domiciliario|2000397499539_parte_TAG X3.jpg|CARTÓN|Cartulina||1|PRIMARIO|Sin material reciclado|No Retornable|Residuo NO Peligroso|||||||
2000397740013|2000397740013|2000397740013|2000397740013(0).jpg, |PLASTIFLECHA|0.02|EYE Domiciliario|2000397499539_parte_PLASTIFLECHA.jpg|Envases de PP que NO contienen sustancias con grasa (5)|Rigido||1|PRIMARIO|Sin material reciclado|No Retornable|Residuo NO Peligroso|||||||
2000397740013|2000397740013|2000397740013|2000397740013(0).jpg, |CORD|3.33|EYE Domiciliario|2000397499539_parte_CORD.jpg|CARTÓN|Cartulina||1|PRIMARIO|Sin material reciclado|No Retornable|Residuo NO Peligroso|||||||
2000397740013|2000397740013|2000397740013|2000397740013(0).jpg, |STICKER TALLA|0.14|EYE Domiciliario|2000397499539_parte_STICKER TALLA.jpg|Envases de PP que NO contienen sustancias con grasa (5)|Flexible||1|PRIMARIO|Sin material reciclado|No Retornable|Residuo NO Peligroso|||||||
2000397740013|2000397740013|2000397740013|2000397740013(0).jpg, |CORD|0.21|EYE Domiciliario|2000397499539_parte_CORD.jpg|Otros envases plásticos (7)|Flexible|PU|1|PRIMARIO|Sin material reciclado|No Retornable|Residuo NO Peligroso|||||||
2000397740013|2000397740013|2000397740013|2000397740013(0).jpg, |PAPEL|0.69|EYE Domiciliario|2000397499539_parte_PAPEL.jpg|Papel|||1|PRIMARIO|Sin material reciclado|No Retornable|Residuo NO Peligroso|||||||
2000397740013|2000397740013|2000397740013|2000397740013(0).jpg, |BAG|6.12|EYE Domiciliario|2000397499539_parte_BAG.jpg|Envases de PEBD que NO contienen sustancias con grasa (4)|Flexible||1|PRIMARIO|Sin material reciclado|No Retornable|Residuo NO Peligroso|||||||
2000397740013|2000397740013|2000397740013|2000397740013(0).jpg, |ALARM|7.42|RAEE|2000397499539_parte_ALARM.jpg||||||Sin material reciclado|No Retornable|Residuo NO Peligroso|AP - Otros aparatos pequeños||||||
2000396125644|2000396125644|https://qr.ripley.cl/2000396125644",
"|2000396125644(0).jpg|MASTER BOX|850|EYE No domiciliario|2000396125644_parte_MASTER BOX.jpg|CARTÓN|Corrugado||24|SECUNDARIO|Sin material reciclado|No Retornable|Residuo NO Peligroso|||||||
2000396125644|2000396125644|https://qr.ripley.cl/2000396125644",
"|2000396125644(0).jpg|ELASTICOS|1.81|EYE Domiciliario|2000396125644_parte_ELASTICOS.jpg|Otros envases plásticos (7)|Flexible|PU|1|PRIMARIO|Sin material reciclado|No Retornable|Residuo NO Peligroso|||||||
2000396125644|2000396125644|https://qr.ripley.cl/2000396125644",
"|2000396125644(0).jpg|TAGX3|5.7|EYE Domiciliario|2000396125644_parte_TAGX3.jpg|CARTÓN|Cartulina||1|PRIMARIO|Sin material reciclado|No Retornable|Residuo NO Peligroso|||||||
2000396125644|2000396125644|https://qr.ripley.cl/2000396125644",
"|2000396125644(0).jpg|CORD|0.44|PILAS|2000396125644_parte_CORD.jpg||||||Sin material reciclado|No Retornable|Residuo NO Peligroso|||||||
2000396125644|2000396125644|https://qr.ripley.cl/2000396125644",
"|2000396125644(0).jpg|CORD|0.44|EYE Domiciliario|2000396125644_parte_CORD.jpg|Otros envases plásticos (7)|Flexible|PO/PE|1|PRIMARIO|Sin material reciclado|No Retornable|Residuo NO Peligroso|||||||
2000396125644|2000396125644|https://qr.ripley.cl/2000396125644",
"|2000396125644(0).jpg|GANCHO|36.69|EYE Domiciliario|2000396125644_parte_GANCHO.jpg|Otros envases plásticos (7)|Rigido|PS/ACERO|1|PRIMARIO|Sin material reciclado|No Retornable|Residuo NO Peligroso|||||||
2000396125644|2000396125644|https://qr.ripley.cl/2000396125644",
"|2000396125644(0).jpg|BAG|32.02|EYE Domiciliario|2000396125644_parte_BAG.jpg|Envases de PEBD que NO contienen sustancias con grasa (4)|Flexible||1|PRIMARIO|Sin material reciclado|No Retornable|Residuo NO Peligroso|||||||
2000396125644|2000396125644|https://qr.ripley.cl/2000396125644",
"|2000396125644(0).jpg|ALARM|7.49|RAEE|2000396125644_parte_ALARM.jpg||||||Sin material reciclado|No Retornable|Residuo NO Peligroso|AP - Otros aparatos pequeños||||||
2000396125644|2000396125644|https://qr.ripley.cl/2000396125644",
"|2000396125644(0).jpg|AALRM|7.49|EYE Domiciliario|2000396125644_parte_AALRM.jpg|||ELIMINAR|||Sin material reciclado|No Retornable|Residuo NO Peligroso|||||||
2000396719973|2000396719973|https://qr.ripley.cl/2000396719973|2000396719973(0).jpg, |MASTER BOX|850|EYE No domiciliario|2000396125644_parte_MASTER BOX.jpg|CARTÓN|Corrugado||24|SECUNDARIO|Sin material reciclado|No Retornable|Residuo NO Peligroso|||||||
2000396719973|2000396719973|https://qr.ripley.cl/2000396719973|2000396719973(0).jpg, |ELASTICOS|1.81|EYE Domiciliario|2000396125644_parte_ELASTICOS.jpg|Otros envases plásticos (7)|Flexible|PU|1|PRIMARIO|Sin material reciclado|No Retornable|Residuo NO Peligroso|||||||
2000396719973|2000396719973|https://qr.ripley.cl/2000396719973|2000396719973(0).jpg, |TAGX3|5.7|EYE Domiciliario|2000396125644_parte_TAGX3.jpg|CARTÓN|Cartulina||1|PRIMARIO|Sin material reciclado|No Retornable|Residuo NO Peligroso|||||||
2000396719973|2000396719973|https://qr.ripley.cl/2000396719973|2000396719973(0).jpg, |CORD|0.44|PILAS|2000396125644_parte_CORD.jpg||||||Sin material reciclado|No Retornable|Residuo NO Peligroso|||||||
2000396719973|2000396719973|https://qr.ripley.cl/2000396719973|2000396719973(0).jpg, |CORD|0.44|EYE Domiciliario|2000396125644_parte_CORD.jpg|Otros envases plásticos (7)|Flexible|PO/PE|1|PRIMARIO|Sin material reciclado|No Retornable|Residuo NO Peligroso|||||||
2000396719973|2000396719973|https://qr.ripley.cl/2000396719973|2000396719973(0).jpg, |GANCHO|36.69|EYE Domiciliario|2000396125644_parte_GANCHO.jpg|Otros envases plásticos (7)|Rigido|PS/ACERO|1|PRIMARIO|Sin material reciclado|No Retornable|Residuo NO Peligroso|||||||
2000396719973|2000396719973|https://qr.ripley.cl/2000396719973|2000396719973(0).jpg, |BAG|32.02|EYE Domiciliario|2000396125644_parte_BAG.jpg|Envases de PEBD que NO contienen sustancias con grasa (4)|Flexible||1|PRIMARIO|Sin material reciclado|No Retornable|Residuo NO Peligroso|||||||
2000396719973|2000396719973|https://qr.ripley.cl/2000396719973|2000396719973(0).jpg, |ALARM|7.49|RAEE|2000396125644_parte_ALARM.jpg||||||Sin material reciclado|No Retornable|Residuo NO Peligroso|AP - Otros aparatos pequeños||||||
2000396719973|2000396719973|https://qr.ripley.cl/2000396719973|2000396719973(0).jpg, |AALRM|7.49|EYE Domiciliario|2000396125644_parte_AALRM.jpg|||ELIMINAR|||Sin material reciclado|No Retornable|Residuo NO Peligroso|||||||",